.reports is not a valid directory name. Please make sure there are no unallowed characters in the name.
.reports is not a valid directory name. Please make sure there are no unallowed characters in the name.
[Licensing::Module] Trying to connect to existing licensing client channel...
Built from '6000.5/staging' branch; Version is '6000.5.9f1 (b57deb96f08d) revision 11894251'; Using compiler version '194234433'; Build Type 'Release'
[Licensing::IpcConnector] Successfully connected to: "LicenseClient-DreamNight" at "2026-09-11T05:14:18.4868041Z"
OS: 'Windows 11  (10.0.26200) CoreCountrySpecific' Language: 'zh' Physical Memory: 31928 MB
BatchMode: 1, IsHumanControllingUs: 0, StartBugReporterOnCrash: 0, Is64bit: 1
System  architecture: x64
Process architecture: x64
Date: 2026-09-11T05:14:18Z

COMMAND LINE ARGUMENTS:
C:\Program Files\Unity\Hub\Editor\6000.5.9f1\Editor\Unity.exe
-batchmode
-projectPath
C:\Users\DreamNight\Documents\01My\personal\TowerDefenseUnity\.reports\validation-project
-executeMethod
BattleUiPlayVerification.Run
-logFile
C:\Users\DreamNight\Documents\01My\personal\TowerDefenseUnity\.reports\color-review-cache.log
Successfully changed project path to: C:\Users\DreamNight\Documents\01My\personal\TowerDefenseUnity\.reports\validation-project
C:/Users/DreamNight/Documents/01My/personal/TowerDefenseUnity/.reports/validation-project
[UnityMemory] Configuration Parameters - Can be set up in boot.config
    "memorysetup-temp-allocator-size-gi-baking-worker=262144"
    "memorysetup-temp-allocator-size-gi-baking-worker=262144"
    "memorysetup-temp-allocator-size-gi-baking-worker=262144"
    "memorysetup-temp-allocator-size-gi-baking-worker=262144"
    "memorysetup-temp-allocator-size-gi-baking-worker=262144"
    "memorysetup-temp-allocator-size-nav-mesh-worker=65536"
    "memorysetup-temp-allocator-size-audio-worker=65536"
    "memorysetup-temp-allocator-size-cloud-worker=32768"
    "memorysetup-temp-allocator-size-gfx=262144"
    "memorysetup-remapper-allocator-initial-capacity=32768"
    "memorysetup-temp-allocator-size-preload-manager=33554432"
    "memorysetup-allocator-temp-initial-block-size-main=262144"
    "memorysetup-allocator-temp-initial-block-size-worker=262144"
    "memorysetup-temp-allocator-size-job-worker=262144"
    "memorysetup-temp-allocator-size-background-worker=32768"
    "memorysetup-bucket-allocator-granularity=16"
    "memorysetup-bucket-allocator-bucket-count=8"
    "memorysetup-bucket-allocator-block-size=33554432"
    "memorysetup-bucket-allocator-block-count=8"
    "memorysetup-main-allocator-block-size=16777216"
    "memorysetup-thread-allocator-block-size=16777216"
    "memorysetup-main-allocator-mimalloc-enabled=0"
    "memorysetup-gfx-main-allocator-block-size=16777216"
    "memorysetup-gfx-thread-allocator-block-size=16777216"
    "memorysetup-cache-allocator-block-size=4194304"
    "memorysetup-typetree-allocator-block-size=2097152"
    "memorysetup-profiler-bucket-allocator-granularity=16"
    "memorysetup-profiler-bucket-allocator-bucket-count=8"
    "memorysetup-profiler-bucket-allocator-block-size=33554432"
    "memorysetup-profiler-bucket-allocator-block-count=8"
    "memorysetup-profiler-allocator-block-size=16777216"
    "memorysetup-profiler-editor-allocator-block-size=1048576"
    "memorysetup-temp-allocator-size-main=16777216"
    "memorysetup-job-temp-allocator-block-size=2097152"
    "memorysetup-job-temp-allocator-block-size-background=1048576"
    "memorysetup-job-temp-allocator-reduction-small-platforms=262144"
Logging is directed to a specific file, skipping project log.Player connection [27152]  Target information:

Player connection [27152]  * "[IP] 10.161.162.125 [Port] 55505 [Flags] 2 [Guid] 3422890745 [EditorId] 3422890745 [Version] 1048832 [Id] WindowsEditor(7,DNT-ROG) [Debug] 1 [PackageName] WindowsEditor [ProjectName] Editor" 

Player connection [27152]  * "[IP] 100.70.23.8 [Port] 55505 [Flags] 2 [Guid] 3422890745 [EditorId] 3422890745 [Version] 1048832 [Id] WindowsEditor(7,DNT-ROG) [Debug] 1 [PackageName] WindowsEditor [ProjectName] Editor" 

Player connection [27152]  * "[IP] 198.18.0.1 [Port] 55505 [Flags] 2 [Guid] 3422890745 [EditorId] 3422890745 [Version] 1048832 [Id] WindowsEditor(7,DNT-ROG) [Debug] 1 [PackageName] WindowsEditor [ProjectName] Editor" 

Player connection [27152]  * "[IP] 10.163.162.190 [Port] 55505 [Flags] 2 [Guid] 3422890745 [EditorId] 3422890745 [Version] 1048832 [Id] WindowsEditor(7,DNT-ROG) [Debug] 1 [PackageName] WindowsEditor [ProjectName] Editor" 

Player connection [27152] Host joined multi-casting on [225.0.0.222:54997]...
Player connection [27152] Host joined alternative multi-casting on [225.0.0.222:34997]...
Input System module state changed to: Initialized.
[Physics::Module] Initialized fallback backend.
[Physics::Module] Id: 0xdecafbad
[Package Manager] Connected to IPC stream "Upm-59116" after 0.2 seconds.
[Licensing::Module] Licensing is not yet initialized.
[Licensing::Client] Error: HandshakeResponse reported an error:
	ResponseCode: 505
	ResponseStatus: Unsupported protocol version '1.18.3'.
[Licensing::Module] Error: Failed to handshake to channel: "LicenseClient-DreamNight"
[Licensing::IpcConnector] LicenseClient-DreamNight channel disconnected successfully.
[Licensing::IpcConnector] Successfully connected to: "LicenseClient-DreamNight-6000.5.9" at "2026-09-11T05:14:19.7518795Z"
[Licensing::Client] Code 10 while verifying Licensing Client signature (process Id: 47444, path: "C:/Program Files/Unity/Hub/Editor/6000.5.9f1/Editor/Data/Resources/Licensing/Client/Unity.Licensing.Client.exe")
[Licensing::Module] LicensingClient has failed validation; ignoring
[Licensing::Client] Handshaking with LicensingClient:
  Version:                 1.18.3+d7ffd15
  Session Id:              bb61455bb3074e43805056d84ceaae14
  Correlation Id:          36bcbb45903f6ad039150b260c4f77f1
  External correlation Id: 6653125721385622331
  Machine Id:              lpR/o6WFQFljK/3tZlA5ZACwwJc=
[Licensing::Module] Successfully connected to LicensingClient on channel: "LicenseClient-DreamNight-6000.5.9" (connect: 0.00s, validation: 0.00s, handshake: 0.01s)
[Licensing::IpcConnector] Successfully connected to: "LicenseClient-DreamNight-6000.5.9-notifications" at "2026-09-11T05:14:19.7591244Z"
[Licensing::Module] Error: Access token is unavailable; failed to update
[Licensing::Client] Successfully resolved entitlement details
[Licensing::Module] License group:
  Id: 18968485699489-UnityPersXXXX
  Product: Unity Personal
  Type: Assigned
  Expiration: Unlimited
[Licensing::Client] Successfully updated license, isAsync: True, time: 0.00
[Licensing::Client] Successfully resolved entitlement details
[Licensing::Module] Licensing Background thread has ended after 1.28s
[Licensing::Module] Licensing is initialized (took 0.94s).
[Licensing::Client] Successfully resolved entitlement details
Library Redirect Path: Library/
[Physics::Module] Selected backend.
[Physics::Module] Name: PhysX
[Physics::Module] Id: 0xf2b8ea05
[Physics::Module] SDK Version: 4.1.2
[Physics::Module] Integration Version: 1.0.0
[Physics::Module] Threading Mode: Multi-Threaded
Initialize engine version: 6000.5.9f1 (b57deb96f08d)
[Subsystems] Discovering subsystems at path C:/Program Files/Unity/Hub/Editor/6000.5.9f1/Editor/Data/Resources/UnitySubsystems
[Subsystems] Discovering subsystems at path C:/Users/DreamNight/Documents/01My/personal/TowerDefenseUnity/.reports/validation-project/Assets
GfxDevice: creating device client; kGfxThreadingModeNonThreaded
d3d12: failed to query info queue interface (0x80004002).
Direct3D:
    Version:         Direct3D 12 [level 12.2]
    Renderer:        NVIDIA GeForce RTX 5070 Ti Laptop GPU (ID=0x2f58)
    Vendor:          NVIDIA
    VRAM:            11944 MB
    App VRAM Budget: 11176 MB
    Driver:          32.0.16.1656
Initialize mono
Mono path[0] = 'C:/Program Files/Unity/Hub/Editor/6000.5.9f1/Editor/Data/Managed'
Mono path[1] = 'C:/Program Files/Unity/Hub/Editor/6000.5.9f1/Editor/Data/BCLExtensions/runtime/netstandard2.1'
Mono path[2] = 'C:/Program Files/Unity/Hub/Editor/6000.5.9f1/Editor/Data/MonoBleedingEdge/lib/mono/unityjit-win32'
Mono config path = 'C:/Program Files/Unity/Hub/Editor/6000.5.9f1/Editor/Data/MonoBleedingEdge/etc'
Using monoOptions --debugger-agent=transport=dt_socket,embedding=1,server=y,suspend=n,address=127.0.0.1:56116
CodeReloadManager initialized
ImportWorker Server TCP listen port: 0
AcceleratorClientConnectionCallback - disconnected - :0
Begin MonoManager ReloadAssembly
Registering precompiled unity dll's ...
Register platform support module: C:/Program Files/Unity/Hub/Editor/6000.5.9f1/Editor/Data/PlaybackEngines/WebGLSupport/UnityEditor.WebGL.Extensions.dll
Register platform support module: C:/Program Files/Unity/Hub/Editor/6000.5.9f1/Editor/Data/PlaybackEngines/WindowsStandaloneSupport/UnityEditor.WindowsStandalone.Extensions.dll
Registered in 0.001967 seconds.
Native extension for WindowsStandalone target not found
Native extension for WebGL target not found
Package Manager log level set to [2]
ScheduleIndexationOnStartup MainProcess:False IndexOnStartup:False
Mono: successfully reloaded assembly
- Finished resetting the current domain, in  0.385 seconds
Domain Reload Profiling: 740ms
	BeginReloadAssembly (74ms)
		CreateAndSetChildDomain (8ms)
	RebuildCommonClasses (4ms)
	RebuildNativeTypeToScriptingClass (11ms)
	initialDomainReloadingComplete (50ms)
	LoadAllAssembliesAndSetupDomain (214ms)
		LoadAssemblies (64ms)
		AnalyzeDomain (153ms)
			TypeCache.Refresh (152ms)
				TypeCache.ScanAssembly (141ms)
	FinalizeReload (387ms)
		SetupLoadedEditorAssemblies (0ms)
			BeforeProcessingInitializeOnLoad (66ms)
			ProcessInitializeOnLoadAttributes (65ms)
			ProcessInitializeOnLoadMethodAttributes (201ms)
[Licensing::Client] Successfully resolved entitlement details
Application.AssetDatabase Initial Refresh Start
[Package Manager] Done resolving packages in 3.53 seconds
[Licensing::Client] Successfully resolved entitlement details
[Package Manager] Registered 22 packages:
  Built-in packages:
    com.unity.modules.animation@1.0.0 (location: C:\Users\DreamNight\Documents\01My\personal\TowerDefenseUnity\.reports\validation-project\Library\PackageCache\com.unity.modules.animation)
    com.unity.modules.audio@1.0.0 (location: C:\Users\DreamNight\Documents\01My\personal\TowerDefenseUnity\.reports\validation-project\Library\PackageCache\com.unity.modules.audio)
    com.unity.modules.director@1.0.0 (location: C:\Users\DreamNight\Documents\01My\personal\TowerDefenseUnity\.reports\validation-project\Library\PackageCache\com.unity.modules.director)
    com.unity.modules.imageconversion@1.0.0 (location: C:\Users\DreamNight\Documents\01My\personal\TowerDefenseUnity\.reports\validation-project\Library\PackageCache\com.unity.modules.imageconversion)
    com.unity.modules.imgui@1.0.0 (location: C:\Users\DreamNight\Documents\01My\personal\TowerDefenseUnity\.reports\validation-project\Library\PackageCache\com.unity.modules.imgui)
    com.unity.modules.jsonserialize@1.0.0 (location: C:\Users\DreamNight\Documents\01My\personal\TowerDefenseUnity\.reports\validation-project\Library\PackageCache\com.unity.modules.jsonserialize)
    com.unity.modules.particlesystem@1.0.0 (location: C:\Users\DreamNight\Documents\01My\personal\TowerDefenseUnity\.reports\validation-project\Library\PackageCache\com.unity.modules.particlesystem)
    com.unity.modules.physics@1.0.0 (location: C:\Users\DreamNight\Documents\01My\personal\TowerDefenseUnity\.reports\validation-project\Library\PackageCache\com.unity.modules.physics)
    com.unity.modules.physics2d@1.0.0 (location: C:\Users\DreamNight\Documents\01My\personal\TowerDefenseUnity\.reports\validation-project\Library\PackageCache\com.unity.modules.physics2d)
    com.unity.modules.screencapture@1.0.0 (location: C:\Users\DreamNight\Documents\01My\personal\TowerDefenseUnity\.reports\validation-project\Library\PackageCache\com.unity.modules.screencapture)
    com.unity.modules.ui@1.0.0 (location: C:\Users\DreamNight\Documents\01My\personal\TowerDefenseUnity\.reports\validation-project\Library\PackageCache\com.unity.modules.ui)
    com.unity.modules.uielements@1.0.0 (location: C:\Users\DreamNight\Documents\01My\personal\TowerDefenseUnity\.reports\validation-project\Library\PackageCache\com.unity.modules.uielements)
    com.unity.ugui@2.5.0 (location: C:\Users\DreamNight\Documents\01My\personal\TowerDefenseUnity\.reports\validation-project\Library\PackageCache\com.unity.ugui@1c4864518158)
    com.unity.modules.unitywebrequest@1.0.0 (location: C:\Users\DreamNight\Documents\01My\personal\TowerDefenseUnity\.reports\validation-project\Library\PackageCache\com.unity.modules.unitywebrequest)
    com.unity.modules.unitywebrequestassetbundle@1.0.0 (location: C:\Users\DreamNight\Documents\01My\personal\TowerDefenseUnity\.reports\validation-project\Library\PackageCache\com.unity.modules.unitywebrequestassetbundle)
    com.unity.modules.unitywebrequestaudio@1.0.0 (location: C:\Users\DreamNight\Documents\01My\personal\TowerDefenseUnity\.reports\validation-project\Library\PackageCache\com.unity.modules.unitywebrequestaudio)
    com.unity.modules.unitywebrequesttexture@1.0.0 (location: C:\Users\DreamNight\Documents\01My\personal\TowerDefenseUnity\.reports\validation-project\Library\PackageCache\com.unity.modules.unitywebrequesttexture)
    com.unity.modules.unitywebrequestwww@1.0.0 (location: C:\Users\DreamNight\Documents\01My\personal\TowerDefenseUnity\.reports\validation-project\Library\PackageCache\com.unity.modules.unitywebrequestwww)
    com.unity.modules.video@1.0.0 (location: C:\Users\DreamNight\Documents\01My\personal\TowerDefenseUnity\.reports\validation-project\Library\PackageCache\com.unity.modules.video)
    com.unity.modules.assetbundle@1.0.0 (location: C:\Users\DreamNight\Documents\01My\personal\TowerDefenseUnity\.reports\validation-project\Library\PackageCache\com.unity.modules.assetbundle)
    com.unity.modules.hierarchycore@1.0.0 (location: C:\Users\DreamNight\Documents\01My\personal\TowerDefenseUnity\.reports\validation-project\Library\PackageCache\com.unity.modules.hierarchycore)
    com.unity.modules.physicscore2d@1.0.0 (location: C:\Users\DreamNight\Documents\01My\personal\TowerDefenseUnity\.reports\validation-project\Library\PackageCache\com.unity.modules.physicscore2d)
[Subsystems] No new subsystems found in resolved package list.
[Package Manager] Done registering packages in 0.00 seconds
GUID [c52726d811a9f66459355df6b0c3977b] for asset 'Packages/com.unity.ugui/Editor/Analytics' conflicts with:
  'Assets/ValidationUGUI/Editor/Analytics' (current owner)
We can't assign a new GUID because the asset is in an immutable folder. The asset will be ignored.
GUID [77417b0f4cf6d334f916c64448d24133] for asset 'Packages/com.unity.ugui/Editor/Analytics/IAnalytic' conflicts with:
  'Assets/ValidationUGUI/Editor/Analytics/IAnalytic' (current owner)
We can't assign a new GUID because the asset is in an immutable folder. The asset will be ignored.
GUID [24cda912b57cf784d9eebefb7c59111c] for asset 'Packages/com.unity.ugui/Editor/Analytics/IAnalytic/UGUIBuildEvent.cs' conflicts with:
  'Assets/ValidationUGUI/Editor/Analytics/IAnalytic/UGUIBuildEvent.cs' (current owner)
We can't assign a new GUID because the asset is in an immutable folder. The asset will be ignored.
GUID [ff6d34f71e1a6af4290f9275ff94616c] for asset 'Packages/com.unity.ugui/Editor/Analytics/UGUIAnalytics.cs' conflicts with:
  'Assets/ValidationUGUI/Editor/Analytics/UGUIAnalytics.cs' (current owner)
We can't assign a new GUID because the asset is in an immutable folder. The asset will be ignored.
GUID [ea11495227d864849bdb4fa69e931cbc] for asset 'Packages/com.unity.ugui/Editor/Analytics/UGUIBuildAnalytics.cs' conflicts with:
  'Assets/ValidationUGUI/Editor/Analytics/UGUIBuildAnalytics.cs' (current owner)
We can't assign a new GUID because the asset is in an immutable folder. The asset will be ignored.
GUID [8394c018a82352f41ae354f7bdad54e3] for asset 'Packages/com.unity.ugui/Editor/Analytics/UnityEditor.UI.Analytics.asmdef' conflicts with:
  'Assets/ValidationUGUI/Editor/Analytics/UnityEditor.UI.Analytics.asmdef' (current owner)
We can't assign a new GUID because the asset is in an immutable folder. The asset will be ignored.
GUID [10d1425d9e87841d9a9deafe9e93a6f2] for asset 'Packages/com.unity.ugui/Editor/TMP' conflicts with:
  'Assets/ValidationUGUI/Editor/TMP' (current owner)
We can't assign a new GUID because the asset is in an immutable folder. The asset will be ignored.
GUID [eecc124dc0b994047aac97ccf8c8ed0a] for asset 'Packages/com.unity.ugui/Editor/TMP/HDRP' conflicts with:
  'Assets/ValidationUGUI/Editor/TMP/HDRP' (current owner)
We can't assign a new GUID because the asset is in an immutable folder. The asset will be ignored.
GUID [e3795795b029fde4395e6953ce72b5a6] for asset 'Packages/com.unity.ugui/Editor/TMP/HDRP/TMP_BaseHDRPLitShaderGUI.cs' conflicts with:
  'Assets/ValidationUGUI/Editor/TMP/HDRP/TMP_BaseHDRPLitShaderGUI.cs' (current owner)
We can't assign a new GUID because the asset is in an immutable folder. The asset will be ignored.
GUID [645409e9544820042937871953f20509] for asset 'Packages/com.unity.ugui/Editor/TMP/HDRP/TMP_BaseHDRPUnlitShaderGUI.cs' conflicts with:
  'Assets/ValidationUGUI/Editor/TMP/HDRP/TMP_BaseHDRPUnlitShaderGUI.cs' (current owner)
We can't assign a new GUID because the asset is in an immutable folder. The asset will be ignored.
GUID [85016528879d5d644981050d1d0a4368] for asset 'Packages/com.unity.ugui/Editor/TMP/HDRP/TMP_SDF_HDRPLitShaderGUI.cs' conflicts with:
  'Assets/ValidationUGUI/Editor/TMP/HDRP/TMP_SDF_HDRPLitShaderGUI.cs' (current owner)
We can't assign a new GUID because the asset is in an immutable folder. The asset will be ignored.
GUID [bad96c2cfa78a124cb8ec890d2386dfe] for asset 'Packages/com.unity.ugui/Editor/TMP/HDRP/TMP_SDF_HDRPUnlitShaderGUI.cs' conflicts with:
  'Assets/ValidationUGUI/Editor/TMP/HDRP/TMP_SDF_HDRPUnlitShaderGUI.cs' (current owner)
We can't assign a new GUID because the asset is in an immutable folder. The asset will be ignored.
GUID [ea7c31b5b377c314db28ad3fabbbd38d] for asset 'Packages/com.unity.ugui/Editor/TMP/PropertyDrawers' conflicts with:
  'Assets/ValidationUGUI/Editor/TMP/PropertyDrawers' (current owner)
We can't assign a new GUID because the asset is in an immutable folder. The asset will be ignored.
GUID [9545c9eb3bf94265810463794fec8334] for asset 'Packages/com.unity.ugui/Editor/TMP/PropertyDrawers/DropdownOptionListDrawer.cs' conflicts with:
  'Assets/ValidationUGUI/Editor/TMP/PropertyDrawers/DropdownOptionListDrawer.cs' (current owner)
We can't assign a new GUID because the asset is in an immutable folder. The asset will be ignored.
GUID [e3882522a08b6f5459b4dea6f8791278] for asset 'Packages/com.unity.ugui/Editor/TMP/PropertyDrawers/GlyphMetricsPropertyDrawer.cs' conflicts with:
  'Assets/ValidationUGUI/Editor/TMP/PropertyDrawers/GlyphMetricsPropertyDrawer.cs' (current owner)
We can't assign a new GUID because the asset is in an immutable folder. The asset will be ignored.
GUID [d256fa541faf5d4409992c631adb98a1] for asset 'Packages/com.unity.ugui/Editor/TMP/PropertyDrawers/GlyphPairAdjustmentRecordPropertyDrawer.cs' conflicts with:
  'Assets/ValidationUGUI/Editor/TMP/PropertyDrawers/GlyphPairAdjustmentRecordPropertyDrawer.cs' (current owner)
We can't assign a new GUID because the asset is in an immutable folder. The asset will be ignored.
GUID [8bc2b083b068f3546a9509c805e0541c] for asset 'Packages/com.unity.ugui/Editor/TMP/PropertyDrawers/GlyphRectPropertyDrawer.cs' conflicts with:
  'Assets/ValidationUGUI/Editor/TMP/PropertyDrawers/GlyphRectPropertyDrawer.cs' (current owner)
We can't assign a new GUID because the asset is in an immutable folder. The asset will be ignored.
GUID [7b6c2e51603686247afd5ab620c490e6] for asset 'Packages/com.unity.ugui/Editor/TMP/PropertyDrawers/LigatureSubstitutionRecordPropertyDrawer.cs' conflicts with:
  'Assets/ValidationUGUI/Editor/TMP/PropertyDrawers/LigatureSubstitutionRecordPropertyDrawer.cs' (current owner)
We can't assign a new GUID because the asset is in an immutable folder. The asset will be ignored.
GUID [01ada73c4792aba4c937ff5d92cce866] for asset 'Packages/com.unity.ugui/Editor/TMP/PropertyDrawers/TMP_CharacterPropertyDrawer.cs' conflicts with:
  'Assets/ValidationUGUI/Editor/TMP/PropertyDrawers/TMP_CharacterPropertyDrawer.cs' (current owner)
We can't assign a new GUID because the asset is in an immutable folder. The asset will be ignored.
GUID [c4777500b5da6094e956c3d4f04de4db] for asset 'Packages/com.unity.ugui/Editor/TMP/PropertyDrawers/TMP_GlyphPropertyDrawer.cs' conflicts with:
  'Assets/ValidationUGUI/Editor/TMP/PropertyDrawers/TMP_GlyphPropertyDrawer.cs' (current owner)
We can't assign a new GUID because the asset is in an immutable folder. The asset will be ignored.
GUID [065a7fcf0d7286d418f3114ec18d1a2d] for asset 'Packages/com.unity.ugui/Editor/TMP/PropertyDrawers/TMP_MarkToBaseAdjustmentRecordPropertyDrawer.cs' conflicts with:
  'Assets/ValidationUGUI/Editor/TMP/PropertyDrawers/TMP_MarkToBaseAdjustmentRecordPropertyDrawer.cs' (current owner)
We can't assign a new GUID because the asset is in an immutable folder. The asset will be ignored.
GUID [149e85704eb73624ba2d705408274f3e] for asset 'Packages/com.unity.ugui/Editor/TMP/PropertyDrawers/TMP_MarkToMarkAdjustmentRecordPropertyDrawer.cs' conflicts with:
  'Assets/ValidationUGUI/Editor/TMP/PropertyDrawers/TMP_MarkToMarkAdjustmentRecordPropertyDrawer.cs' (current owner)
We can't assign a new GUID because the asset is in an immutable folder. The asset will be ignored.
GUID [371a2245f9a9ff344997fec3609bf73e] for asset 'Packages/com.unity.ugui/Editor/TMP/PropertyDrawers/TMP_PropertyDrawerUtilities.cs' conflicts with:
  'Assets/ValidationUGUI/Editor/TMP/PropertyDrawers/TMP_PropertyDrawerUtilities.cs' (current owner)
We can't assign a new GUID because the asset is in an immutable folder. The asset will be ignored.
GUID [37cff9f5a86ae494c8cb04423580480d] for asset 'Packages/com.unity.ugui/Editor/TMP/PropertyDrawers/TMP_SpriteCharacterPropertyDrawer.cs' conflicts with:
  'Assets/ValidationUGUI/Editor/TMP/PropertyDrawers/TMP_SpriteCharacterPropertyDrawer.cs' (current owner)
We can't assign a new GUID because the asset is in an immutable folder. The asset will be ignored.
GUID [056819c66570ca54cadb72330a354050] for asset 'Packages/com.unity.ugui/Editor/TMP/PropertyDrawers/TMP_SpriteGlyphPropertyDrawer.cs' conflicts with:
  'Assets/ValidationUGUI/Editor/TMP/PropertyDrawers/TMP_SpriteGlyphPropertyDrawer.cs' (current owner)
We can't assign a new GUID because the asset is in an immutable folder. The asset will be ignored.
GUID [c55a64c7570474f47a94abe39ebfef04] for asset 'Packages/com.unity.ugui/Editor/TMP/PropertyDrawers/TMP_TextAlignmentDrawer.cs' conflicts with:
  'Assets/ValidationUGUI/Editor/TMP/PropertyDrawers/TMP_TextAlignmentDrawer.cs' (current owner)
We can't assign a new GUID because the asset is in an immutable folder. The asset will be ignored.
GUID [91950f78729ab144aa36e94690b28fad] for asset 'Packages/com.unity.ugui/Editor/TMP/TMP_BaseEditorPanel.cs' conflicts with:
  'Assets/ValidationUGUI/Editor/TMP/TMP_BaseEditorPanel.cs' (current owner)
We can't assign a new GUID because the asset is in an immutable folder. The asset will be ignored.
GUID [438efd46088d408d8a53f707fa68d976] for asset 'Packages/com.unity.ugui/Editor/TMP/TMP_BaseShaderGUI.cs' conflicts with:
  'Assets/ValidationUGUI/Editor/TMP/TMP_BaseShaderGUI.cs' (current owner)
We can't assign a new GUID because the asset is in an immutable folder. The asset will be ignored.
GUID [806de5a9211448c8b65c8435ebb48dd4] for asset 'Packages/com.unity.ugui/Editor/TMP/TMP_BitmapShaderGUI.cs' conflicts with:
  'Assets/ValidationUGUI/Editor/TMP/TMP_BitmapShaderGUI.cs' (current owner)
We can't assign a new GUID because the asset is in an immutable folder. The asset will be ignored.
GUID [d9647b571c5e44729b71d756b3d55317] for asset 'Packages/com.unity.ugui/Editor/TMP/TMP_ColorGradientAssetMenu.cs' conflicts with:
  'Assets/ValidationUGUI/Editor/TMP/TMP_ColorGradientAssetMenu.cs' (current owner)
We can't assign a new GUID because the asset is in an immutable folder. The asset will be ignored.
GUID [fcc60c1d6bb544d9b712b652f418ff3a] for asset 'Packages/com.unity.ugui/Editor/TMP/TMP_ColorGradientEditor.cs' conflicts with:
  'Assets/ValidationUGUI/Editor/TMP/TMP_ColorGradientEditor.cs' (current owner)
We can't assign a new GUID because the asset is in an immutable folder. The asset will be ignored.
GUID [6dbcf248c987476181a37f01a1814975] for asset 'Packages/com.unity.ugui/Editor/TMP/TMP_DropdownEditor.cs' conflicts with:
  'Assets/ValidationUGUI/Editor/TMP/TMP_DropdownEditor.cs' (current owner)
We can't assign a new GUID because the asset is in an immutable folder. The asset will be ignored.
GUID [27a0335dab59ec542aadd6636a5b4ebd] for asset 'Packages/com.unity.ugui/Editor/TMP/TMP_EditorCoroutine.cs' conflicts with:
  'Assets/ValidationUGUI/Editor/TMP/TMP_EditorCoroutine.cs' (current owner)
We can't assign a new GUID because the asset is in an immutable folder. The asset will be ignored.
GUID [34f6695d37a94370a3697f6b068f5d5e] for asset 'Packages/com.unity.ugui/Editor/TMP/TMP_EditorPanel.cs' conflicts with:
  'Assets/ValidationUGUI/Editor/TMP/TMP_EditorPanel.cs' (current owner)
We can't assign a new GUID because the asset is in an immutable folder. The asset will be ignored.
GUID [21c0044a7f964773be90d197a78e4703] for asset 'Packages/com.unity.ugui/Editor/TMP/TMP_EditorPanelUI.cs' conflicts with:
  'Assets/ValidationUGUI/Editor/TMP/TMP_EditorPanelUI.cs' (current owner)
We can't assign a new GUID because the asset is in an immutable folder. The asset will be ignored.
GUID [6b259c4003a802847b9ada90744e34c5] for asset 'Packages/com.unity.ugui/Editor/TMP/TMP_EditorResourceManager.cs' conflicts with:
  'Assets/ValidationUGUI/Editor/TMP/TMP_EditorResourceManager.cs' (current owner)
We can't assign a new GUID because the asset is in an immutable folder. The asset will be ignored.
GUID [2300e75732d74890b38a8ff257a3ae15] for asset 'Packages/com.unity.ugui/Editor/TMP/TMP_EditorUtility.cs' conflicts with:
  'Assets/ValidationUGUI/Editor/TMP/TMP_EditorUtility.cs' (current owner)
We can't assign a new GUID because the asset is in an immutable folder. The asset will be ignored.
GUID [7496af95dfe67cf429ac65edaaf99106] for asset 'Packages/com.unity.ugui/Editor/TMP/TMP_FontAsset_CreationMenu.cs' conflicts with:
  'Assets/ValidationUGUI/Editor/TMP/TMP_FontAsset_CreationMenu.cs' (current owner)
We can't assign a new GUID because the asset is in an immutable folder. The asset will be ignored.
GUID [96b44f7d98314b139324a8a87eb66067] for asset 'Packages/com.unity.ugui/Editor/TMP/TMP_FontAssetEditor.cs' conflicts with:
  'Assets/ValidationUGUI/Editor/TMP/TMP_FontAssetEditor.cs' (current owner)
We can't assign a new GUID because the asset is in an immutable folder. The asset will be ignored.
GUID [aa160f27c3fe4052a5850e21108811b6] for asset 'Packages/com.unity.ugui/Editor/TMP/TMP_InputFieldEditor.cs' conflicts with:
  'Assets/ValidationUGUI/Editor/TMP/TMP_InputFieldEditor.cs' (current owner)
We can't assign a new GUID because the asset is in an immutable folder. The asset will be ignored.
GUID [225b67dcce9247b4c806e435b34695d2] for asset 'Packages/com.unity.ugui/Editor/TMP/TMP_MarkupTagUpdateUtility.cs' conflicts with:
  'Assets/ValidationUGUI/Editor/TMP/TMP_MarkupTagUpdateUtility.cs' (current owner)
We can't assign a new GUID because the asset is in an immutable folder. The asset will be ignored.
GUID [68eedd4e5b33b37429c02c4add0036fe] for asset 'Packages/com.unity.ugui/Editor/TMP/TMP_PackageUtilities.cs' conflicts with:
  'Assets/ValidationUGUI/Editor/TMP/TMP_PackageUtilities.cs' (current owner)
We can't assign a new GUID because the asset is in an immutable folder. The asset will be ignored.
GUID [6fdea2af3daa40fe8f88e5e9cfc17abb] for asset 'Packages/com.unity.ugui/Editor/TMP/TMP_PostBuildProcessHandler.cs' conflicts with:
  'Assets/ValidationUGUI/Editor/TMP/TMP_PostBuildProcessHandler.cs' (current owner)
We can't assign a new GUID because the asset is in an immutable folder. The asset will be ignored.
GUID [bf8befe3c500aa84b9ce3860a226cf41] for asset 'Packages/com.unity.ugui/Editor/TMP/TMP_PreBuildProcessor.cs' conflicts with:
  'Assets/ValidationUGUI/Editor/TMP/TMP_PreBuildProcessor.cs' (current owner)
We can't assign a new GUID because the asset is in an immutable folder. The asset will be ignored.
GUID [0e751e877ed14d71a6b8e63ac54949cf] for asset 'Packages/com.unity.ugui/Editor/TMP/TMP_ProjectTextSettings.cs' conflicts with:
  'Assets/ValidationUGUI/Editor/TMP/TMP_ProjectTextSettings.cs' (current owner)
We can't assign a new GUID because the asset is in an immutable folder. The asset will be ignored.
GUID [7241c7dc25374fc1a6ab3ef9da79c363] for asset 'Packages/com.unity.ugui/Editor/TMP/TMP_ResourcesLoader.cs' conflicts with:
  'Assets/ValidationUGUI/Editor/TMP/TMP_ResourcesLoader.cs' (current owner)
We can't assign a new GUID because the asset is in an immutable folder. The asset will be ignored.
GUID [8413ca0e506d42a1a4bd9769f204ad16] for asset 'Packages/com.unity.ugui/Editor/TMP/TMP_SDFShaderGUI.cs' conflicts with:
  'Assets/ValidationUGUI/Editor/TMP/TMP_SDFShaderGUI.cs' (current owner)
We can't assign a new GUID because the asset is in an immutable folder. The asset will be ignored.
GUID [9c4a050f089abb04ebd4125e419f4548] for asset 'Packages/com.unity.ugui/Editor/TMP/TMP_SerializedPropertyHolder.cs' conflicts with:
  'Assets/ValidationUGUI/Editor/TMP/TMP_SerializedPropertyHolder.cs' (current owner)
We can't assign a new GUID because the asset is in an immutable folder. The asset will be ignored.
GUID [0386b6eb838c47138cd51d1c1b879a35] for asset 'Packages/com.unity.ugui/Editor/TMP/TMP_SettingsEditor.cs' conflicts with:
  'Assets/ValidationUGUI/Editor/TMP/TMP_SettingsEditor.cs' (current owner)
We can't assign a new GUID because the asset is in an immutable folder. The asset will be ignored.
GUID [b09be1f217d34247af54863a2f5587e1] for asset 'Packages/com.unity.ugui/Editor/TMP/TMP_SpriteAssetEditor.cs' conflicts with:
  'Assets/ValidationUGUI/Editor/TMP/TMP_SpriteAssetEditor.cs' (current owner)
We can't assign a new GUID because the asset is in an immutable folder. The asset will be ignored.
GUID [f1ea944dcf8849ebab391e461b99ccb7] for asset 'Packages/com.unity.ugui/Editor/TMP/TMP_SpriteAssetImporter.cs' conflicts with:
  'Assets/ValidationUGUI/Editor/TMP/TMP_SpriteAssetImporter.cs' (current owner)
We can't assign a new GUID because the asset is in an immutable folder. The asset will be ignored.
GUID [1048a87135154606808bf2030da32d18] for asset 'Packages/com.unity.ugui/Editor/TMP/TMP_SpriteAssetMenu.cs' conflicts with:
  'Assets/ValidationUGUI/Editor/TMP/TMP_SpriteAssetMenu.cs' (current owner)
We can't assign a new GUID because the asset is in an immutable folder. The asset will be ignored.
GUID [23a562f2cac6401f9f91251c68a1a794] for asset 'Packages/com.unity.ugui/Editor/TMP/TMP_StyleAssetMenu.cs' conflicts with:
  'Assets/ValidationUGUI/Editor/TMP/TMP_StyleAssetMenu.cs' (current owner)
We can't assign a new GUID because the asset is in an immutable folder. The asset will be ignored.
GUID [34e2c9b9d9e44953933afe37461f44e6] for asset 'Packages/com.unity.ugui/Editor/TMP/TMP_StyleSheetEditor.cs' conflicts with:
  'Assets/ValidationUGUI/Editor/TMP/TMP_StyleSheetEditor.cs' (current owner)
We can't assign a new GUID because the asset is in an immutable folder. The asset will be ignored.
GUID [dd2fe74169b54bf58fca17288513ef38] for asset 'Packages/com.unity.ugui/Editor/TMP/TMP_SubMesh_Editor.cs' conflicts with:
  'Assets/ValidationUGUI/Editor/TMP/TMP_SubMesh_Editor.cs' (current owner)
We can't assign a new GUID because the asset is in an immutable folder. The asset will be ignored.
GUID [6b01141ed8f74d198965c86f25eb7040] for asset 'Packages/com.unity.ugui/Editor/TMP/TMP_SubMeshUI_Editor.cs' conflicts with:
  'Assets/ValidationUGUI/Editor/TMP/TMP_SubMeshUI_Editor.cs' (current owner)
We can't assign a new GUID because the asset is in an immutable folder. The asset will be ignored.
GUID [30a939dce2fd4073955f2f20e659d506] for asset 'Packages/com.unity.ugui/Editor/TMP/TMP_UIStyleManager.cs' conflicts with:
  'Assets/ValidationUGUI/Editor/TMP/TMP_UIStyleManager.cs' (current owner)
We can't assign a new GUID because the asset is in an immutable folder. The asset will be ignored.
GUID [44e1d646473a40178712cb2150f54cec] for asset 'Packages/com.unity.ugui/Editor/TMP/TMPro_ContextMenus.cs' conflicts with:
  'Assets/ValidationUGUI/Editor/TMP/TMPro_ContextMenus.cs' (current owner)
We can't assign a new GUID because the asset is in an immutable folder. The asset will be ignored.
GUID [7065397ff8184621aa3ca4f854491259] for asset 'Packages/com.unity.ugui/Editor/TMP/TMPro_CreateObjectMenu.cs' conflicts with:
  'Assets/ValidationUGUI/Editor/TMP/TMPro_CreateObjectMenu.cs' (current owner)
We can't assign a new GUID because the asset is in an immutable folder. The asset will be ignored.
GUID [aa76955fe5bb44f7915d91db8c7043c4] for asset 'Packages/com.unity.ugui/Editor/TMP/TMPro_EditorShaderUtilities.cs' conflicts with:
  'Assets/ValidationUGUI/Editor/TMP/TMPro_EditorShaderUtilities.cs' (current owner)
We can't assign a new GUID because the asset is in an immutable folder. The asset will be ignored.
GUID [383966e89d344865a36addd5d378ffd3] for asset 'Packages/com.unity.ugui/Editor/TMP/TMPro_FontAssetCreatorWindow.cs' conflicts with:
  'Assets/ValidationUGUI/Editor/TMP/TMPro_FontAssetCreatorWindow.cs' (current owner)
We can't assign a new GUID because the asset is in an immutable folder. The asset will be ignored.
GUID [88ed537c17c34f339121fe9a7d6d7a0e] for asset 'Packages/com.unity.ugui/Editor/TMP/TMPro_SortingLayerHelper.cs' conflicts with:
  'Assets/ValidationUGUI/Editor/TMP/TMPro_SortingLayerHelper.cs' (current owner)
We can't assign a new GUID because the asset is in an immutable folder. The asset will be ignored.
GUID [02893ffb522b490a9fa28eedd2584309] for asset 'Packages/com.unity.ugui/Editor/TMP/TMPro_TextContainerEditor.cs' conflicts with:
  'Assets/ValidationUGUI/Editor/TMP/TMPro_TextContainerEditor.cs' (current owner)
We can't assign a new GUID because the asset is in an immutable folder. The asset will be ignored.
GUID [f4935fb862d54980b1bcbca942962642] for asset 'Packages/com.unity.ugui/Editor/TMP/TMPro_TexturePostProcessor.cs' conflicts with:
  'Assets/ValidationUGUI/Editor/TMP/TMPro_TexturePostProcessor.cs' (current owner)
We can't assign a new GUID because the asset is in an immutable folder. The asset will be ignored.
GUID [6546d7765b4165b40850b3667f981c26] for asset 'Packages/com.unity.ugui/Editor/TMP/Unity.TextMeshPro.Editor.asmdef' conflicts with:
  'Assets/ValidationUGUI/Editor/TMP/Unity.TextMeshPro.Editor.asmdef' (current owner)
We can't assign a new GUID because the asset is in an immutable folder. The asset will be ignored.
GUID [278b6073a5bdd4362acd72ca43ff9e0d] for asset 'Packages/com.unity.ugui/Editor/UGUI' conflicts with:
  'Assets/ValidationUGUI/Editor/UGUI' (current owner)
We can't assign a new GUID because the asset is in an immutable folder. The asset will be ignored.
GUID [f525580684527b147b70cf94aaa70dbc] for asset 'Packages/com.unity.ugui/Editor/UGUI/EventSystem' conflicts with:
  'Assets/ValidationUGUI/Editor/UGUI/EventSystem' (current owner)
We can't assign a new GUID because the asset is in an immutable folder. The asset will be ignored.
GUID [6f72aa6eab9392548b9e9d92eb6b2ef8] for asset 'Packages/com.unity.ugui/Editor/UGUI/EventSystem/EventSystemEditor.cs' conflicts with:
  'Assets/ValidationUGUI/Editor/UGUI/EventSystem/EventSystemEditor.cs' (current owner)
We can't assign a new GUID because the asset is in an immutable folder. The asset will be ignored.
GUID [37b164a494cd92a498526852ecceedef] for asset 'Packages/com.unity.ugui/Editor/UGUI/EventSystem/EventTriggerEditor.cs' conflicts with:
  'Assets/ValidationUGUI/Editor/UGUI/EventSystem/EventTriggerEditor.cs' (current owner)
We can't assign a new GUID because the asset is in an immutable folder. The asset will be ignored.
GUID [765f7aac6597fc444a90dac4294e929d] for asset 'Packages/com.unity.ugui/Editor/UGUI/EventSystem/InputModuleComponentFactory.cs' conflicts with:
  'Assets/ValidationUGUI/Editor/UGUI/EventSystem/InputModuleComponentFactory.cs' (current owner)
We can't assign a new GUID because the asset is in an immutable folder. The asset will be ignored.
GUID [1143ae6bb91836f4a8f8ebfaabb9396d] for asset 'Packages/com.unity.ugui/Editor/UGUI/EventSystem/Physics2DRaycasterEditor.cs' conflicts with:
  'Assets/ValidationUGUI/Editor/UGUI/EventSystem/Physics2DRaycasterEditor.cs' (current owner)
We can't assign a new GUID because the asset is in an immutable folder. The asset will be ignored.
GUID [e976a5e755c7016418f66e15223c1b90] for asset 'Packages/com.unity.ugui/Editor/UGUI/EventSystem/PhysicsRaycasterEditor.cs' conflicts with:
  'Assets/ValidationUGUI/Editor/UGUI/EventSystem/PhysicsRaycasterEditor.cs' (current owner)
We can't assign a new GUID because the asset is in an immutable folder. The asset will be ignored.
GUID [cf97e54bcd5479a46bdbade48da047cc] for asset 'Packages/com.unity.ugui/Editor/UGUI/Properties' conflicts with:
  'Assets/ValidationUGUI/Editor/UGUI/Properties' (current owner)
We can't assign a new GUID because the asset is in an immutable folder. The asset will be ignored.
GUID [d51458b261e0ecc4a98904e53924dc1c] for asset 'Packages/com.unity.ugui/Editor/UGUI/Properties/AssemblyInfo.cs' conflicts with:
  'Assets/ValidationUGUI/Editor/UGUI/Properties/AssemblyInfo.cs' (current owner)
We can't assign a new GUID because the asset is in an immutable folder. The asset will be ignored.
GUID [853edc343b78a7c4c81cbb3851d48c0a] for asset 'Packages/com.unity.ugui/Editor/UGUI/UI' conflicts with:
  'Assets/ValidationUGUI/Editor/UGUI/UI' (current owner)
We can't assign a new GUID because the asset is in an immutable folder. The asset will be ignored.
GUID [b5f70efd2f7b286498ca6c00adbb4a13] for asset 'Packages/com.unity.ugui/Editor/UGUI/UI/AspectRatioFitterEditor.cs' conflicts with:
  'Assets/ValidationUGUI/Editor/UGUI/UI/AspectRatioFitterEditor.cs' (current owner)
We can't assign a new GUID because the asset is in an immutable folder. The asset will be ignored.
GUID [472a6f18dd2f97c41af72271d22db869] for asset 'Packages/com.unity.ugui/Editor/UGUI/UI/ButtonEditor.cs' conflicts with:
  'Assets/ValidationUGUI/Editor/UGUI/UI/ButtonEditor.cs' (current owner)
We can't assign a new GUID because the asset is in an immutable folder. The asset will be ignored.
GUID [899b803b32ce548918778bacc0a950f0] for asset 'Packages/com.unity.ugui/Editor/UGUI/UI/CanvasGroupEditor.cs' conflicts with:
  'Assets/ValidationUGUI/Editor/UGUI/UI/CanvasGroupEditor.cs' (current owner)
We can't assign a new GUID because the asset is in an immutable folder. The asset will be ignored.
GUID [3bce033ee26244e419b3bb3bba95a37d] for asset 'Packages/com.unity.ugui/Editor/UGUI/UI/CanvasScalerEditor.cs' conflicts with:
  'Assets/ValidationUGUI/Editor/UGUI/UI/CanvasScalerEditor.cs' (current owner)
We can't assign a new GUID because the asset is in an immutable folder. The asset will be ignored.
GUID [35d143b352678294ab0f5feb97b67f88] for asset 'Packages/com.unity.ugui/Editor/UGUI/UI/ContentSizeFitterEditor.cs' conflicts with:
  'Assets/ValidationUGUI/Editor/UGUI/UI/ContentSizeFitterEditor.cs' (current owner)
We can't assign a new GUID because the asset is in an immutable folder. The asset will be ignored.
GUID [05f582d4fbc8e0c40afccb76bbbe0935] for asset 'Packages/com.unity.ugui/Editor/UGUI/UI/DropdownEditor.cs' conflicts with:
  'Assets/ValidationUGUI/Editor/UGUI/UI/DropdownEditor.cs' (current owner)
We can't assign a new GUID because the asset is in an immutable folder. The asset will be ignored.
GUID [c890977a36bfdc849872b9337ab89098] for asset 'Packages/com.unity.ugui/Editor/UGUI/UI/GraphicEditor.cs' conflicts with:
  'Assets/ValidationUGUI/Editor/UGUI/UI/GraphicEditor.cs' (current owner)
We can't assign a new GUID because the asset is in an immutable folder. The asset will be ignored.
GUID [6a981cd1456bec84b86e1c66773f57f5] for asset 'Packages/com.unity.ugui/Editor/UGUI/UI/GridLayoutGroupEditor.cs' conflicts with:
  'Assets/ValidationUGUI/Editor/UGUI/UI/GridLayoutGroupEditor.cs' (current owner)
We can't assign a new GUID because the asset is in an immutable folder. The asset will be ignored.
GUID [cb319974ad8ebd44aa1e1fbb02640b5b] for asset 'Packages/com.unity.ugui/Editor/UGUI/UI/HorizontalOrVerticalLayoutGroupEditor.cs' conflicts with:
  'Assets/ValidationUGUI/Editor/UGUI/UI/HorizontalOrVerticalLayoutGroupEditor.cs' (current owner)
We can't assign a new GUID because the asset is in an immutable folder. The asset will be ignored.
GUID [b759d61544e231c41bc88530b1d94ee8] for asset 'Packages/com.unity.ugui/Editor/UGUI/UI/ImageEditor.cs' conflicts with:
  'Assets/ValidationUGUI/Editor/UGUI/UI/ImageEditor.cs' (current owner)
We can't assign a new GUID because the asset is in an immutable folder. The asset will be ignored.
GUID [21d2d5d6901f2ca43a8015c60ada4e2c] for asset 'Packages/com.unity.ugui/Editor/UGUI/UI/InputFieldEditor.cs' conflicts with:
  'Assets/ValidationUGUI/Editor/UGUI/UI/InputFieldEditor.cs' (current owner)
We can't assign a new GUID because the asset is in an immutable folder. The asset will be ignored.
GUID [127023922adddf744b59fa7b0b0c3030] for asset 'Packages/com.unity.ugui/Editor/UGUI/UI/InterceptedEventsPreview.cs' conflicts with:
  'Assets/ValidationUGUI/Editor/UGUI/UI/InterceptedEventsPreview.cs' (current owner)
We can't assign a new GUID because the asset is in an immutable folder. The asset will be ignored.
GUID [7693972390a4ed841a986c0c452c1058] for asset 'Packages/com.unity.ugui/Editor/UGUI/UI/LayoutElementEditor.cs' conflicts with:
  'Assets/ValidationUGUI/Editor/UGUI/UI/LayoutElementEditor.cs' (current owner)
We can't assign a new GUID because the asset is in an immutable folder. The asset will be ignored.
GUID [794f3951c48395848920fdb593a2ae38] for asset 'Packages/com.unity.ugui/Editor/UGUI/UI/LayoutPropertiesPreview.cs' conflicts with:
  'Assets/ValidationUGUI/Editor/UGUI/UI/LayoutPropertiesPreview.cs' (current owner)
We can't assign a new GUID because the asset is in an immutable folder. The asset will be ignored.
GUID [b10cb8fee5b39014d8a417bf413f5e5c] for asset 'Packages/com.unity.ugui/Editor/UGUI/UI/MaskEditor.cs' conflicts with:
  'Assets/ValidationUGUI/Editor/UGUI/UI/MaskEditor.cs' (current owner)
We can't assign a new GUID because the asset is in an immutable folder. The asset will be ignored.
GUID [f867743975592a743a3581ff042bcc25] for asset 'Packages/com.unity.ugui/Editor/UGUI/UI/MenuOptions.cs' conflicts with:
  'Assets/ValidationUGUI/Editor/UGUI/UI/MenuOptions.cs' (current owner)
We can't assign a new GUID because the asset is in an immutable folder. The asset will be ignored.
GUID [a62706dc421fc9b4fa368a8050a930f7] for asset 'Packages/com.unity.ugui/Editor/UGUI/UI/PrefabLayoutRebuilder.cs' conflicts with:
  'Assets/ValidationUGUI/Editor/UGUI/UI/PrefabLayoutRebuilder.cs' (current owner)
We can't assign a new GUID because the asset is in an immutable folder. The asset will be ignored.
GUID [bc9aa6d5a7945f34882c442e9e201537] for asset 'Packages/com.unity.ugui/Editor/UGUI/UI/PropertyDrawers' conflicts with:
  'Assets/ValidationUGUI/Editor/UGUI/UI/PropertyDrawers' (current owner)
We can't assign a new GUID because the asset is in an immutable folder. The asset will be ignored.
GUID [c18288a8d31fc9043a807ee8a9f1ae64] for asset 'Packages/com.unity.ugui/Editor/UGUI/UI/PropertyDrawers/AnimationTriggersDrawer.cs' conflicts with:
  'Assets/ValidationUGUI/Editor/UGUI/UI/PropertyDrawers/AnimationTriggersDrawer.cs' (current owner)
We can't assign a new GUID because the asset is in an immutable folder. The asset will be ignored.
GUID [b825fd5f27403b84f97726dd9c5a5e6f] for asset 'Packages/com.unity.ugui/Editor/UGUI/UI/PropertyDrawers/ColorBlockDrawer.cs' conflicts with:
  'Assets/ValidationUGUI/Editor/UGUI/UI/PropertyDrawers/ColorBlockDrawer.cs' (current owner)
We can't assign a new GUID because the asset is in an immutable folder. The asset will be ignored.
GUID [1385bc74f3945c943be16ecbb1381063] for asset 'Packages/com.unity.ugui/Editor/UGUI/UI/PropertyDrawers/DropdownOptionListDrawer.cs' conflicts with:
  'Assets/ValidationUGUI/Editor/UGUI/UI/PropertyDrawers/DropdownOptionListDrawer.cs' (current owner)
We can't assign a new GUID because the asset is in an immutable folder. The asset will be ignored.
GUID [fea12beeeb5a7a448b5e60f50e40975d] for asset 'Packages/com.unity.ugui/Editor/UGUI/UI/PropertyDrawers/FontDataDrawer.cs' conflicts with:
  'Assets/ValidationUGUI/Editor/UGUI/UI/PropertyDrawers/FontDataDrawer.cs' (current owner)
We can't assign a new GUID because the asset is in an immutable folder. The asset will be ignored.
GUID [fb27f3049fe06c246803a4a4c5b7fda3] for asset 'Packages/com.unity.ugui/Editor/UGUI/UI/PropertyDrawers/NavigationDrawer.cs' conflicts with:
  'Assets/ValidationUGUI/Editor/UGUI/UI/PropertyDrawers/NavigationDrawer.cs' (current owner)
We can't assign a new GUID because the asset is in an immutable folder. The asset will be ignored.
GUID [728d2c19676ea3743aaa087aa28c4a16] for asset 'Packages/com.unity.ugui/Editor/UGUI/UI/PropertyDrawers/SpriteStateDrawer.cs' conflicts with:
  'Assets/ValidationUGUI/Editor/UGUI/UI/PropertyDrawers/SpriteStateDrawer.cs' (current owner)
We can't assign a new GUID because the asset is in an immutable folder. The asset will be ignored.
GUID [e6413f4090046814d802ddbff9890878] for asset 'Packages/com.unity.ugui/Editor/UGUI/UI/RawImageEditor.cs' conflicts with:
  'Assets/ValidationUGUI/Editor/UGUI/UI/RawImageEditor.cs' (current owner)
We can't assign a new GUID because the asset is in an immutable folder. The asset will be ignored.
GUID [d25515b7ecc4c4ad0ad42bb0a34b5bd5] for asset 'Packages/com.unity.ugui/Editor/UGUI/UI/RaycastReceiverEditor.cs' conflicts with:
  'Assets/ValidationUGUI/Editor/UGUI/UI/RaycastReceiverEditor.cs' (current owner)
We can't assign a new GUID because the asset is in an immutable folder. The asset will be ignored.
GUID [58e7d991249847640b1534192721c5ea] for asset 'Packages/com.unity.ugui/Editor/UGUI/UI/RectMask2DEditor.cs' conflicts with:
  'Assets/ValidationUGUI/Editor/UGUI/UI/RectMask2DEditor.cs' (current owner)
We can't assign a new GUID because the asset is in an immutable folder. The asset will be ignored.
GUID [f700f31b2e40d7f4bb69753fdbbbc2b5] for asset 'Packages/com.unity.ugui/Editor/UGUI/UI/ScrollbarEditor.cs' conflicts with:
  'Assets/ValidationUGUI/Editor/UGUI/UI/ScrollbarEditor.cs' (current owner)
We can't assign a new GUID because the asset is in an immutable folder. The asset will be ignored.
GUID [56ba6cb160ebfc042b48224bd1a35614] for asset 'Packages/com.unity.ugui/Editor/UGUI/UI/ScrollRectEditor.cs' conflicts with:
  'Assets/ValidationUGUI/Editor/UGUI/UI/ScrollRectEditor.cs' (current owner)
We can't assign a new GUID because the asset is in an immutable folder. The asset will be ignored.
GUID [e9253e696cd45794d9aec6d4de366b6e] for asset 'Packages/com.unity.ugui/Editor/UGUI/UI/SelectableEditor.cs' conflicts with:
  'Assets/ValidationUGUI/Editor/UGUI/UI/SelectableEditor.cs' (current owner)
We can't assign a new GUID because the asset is in an immutable folder. The asset will be ignored.
GUID [dcf00682bef4d264d84a5c92c8f5a40f] for asset 'Packages/com.unity.ugui/Editor/UGUI/UI/SelfControllerEditor.cs' conflicts with:
  'Assets/ValidationUGUI/Editor/UGUI/UI/SelfControllerEditor.cs' (current owner)
We can't assign a new GUID because the asset is in an immutable folder. The asset will be ignored.
GUID [bc98484caab3b6d4facbcff38be93380] for asset 'Packages/com.unity.ugui/Editor/UGUI/UI/SliderEditor.cs' conflicts with:
  'Assets/ValidationUGUI/Editor/UGUI/UI/SliderEditor.cs' (current owner)
We can't assign a new GUID because the asset is in an immutable folder. The asset will be ignored.
GUID [260b531edc40677429c0198d6961e448] for asset 'Packages/com.unity.ugui/Editor/UGUI/UI/SpriteDrawUtility.cs' conflicts with:
  'Assets/ValidationUGUI/Editor/UGUI/UI/SpriteDrawUtility.cs' (current owner)
We can't assign a new GUID because the asset is in an immutable folder. The asset will be ignored.
GUID [1336690ece4db2740b4ba38873e00dfb] for asset 'Packages/com.unity.ugui/Editor/UGUI/UI/TextEditor.cs' conflicts with:
  'Assets/ValidationUGUI/Editor/UGUI/UI/TextEditor.cs' (current owner)
We can't assign a new GUID because the asset is in an immutable folder. The asset will be ignored.
GUID [d36a7c7a1ed377c4b8008e53032d7dcf] for asset 'Packages/com.unity.ugui/Editor/UGUI/UI/ToggleEditor.cs' conflicts with:
  'Assets/ValidationUGUI/Editor/UGUI/UI/ToggleEditor.cs' (current owner)
We can't assign a new GUID because the asset is in an immutable folder. The asset will be ignored.
GUID [343deaaf83e0cee4ca978e7df0b80d21] for asset 'Packages/com.unity.ugui/Editor/UGUI/UnityEditor.UI.asmdef' conflicts with:
  'Assets/ValidationUGUI/Editor/UGUI/UnityEditor.UI.asmdef' (current owner)
We can't assign a new GUID because the asset is in an immutable folder. The asset will be ignored.
GUID [bab3a29ab4f214742a44add41efffb7d] for asset 'Packages/com.unity.ugui/Runtime/InternalBridge' conflicts with:
  'Assets/ValidationUGUI/Runtime/InternalBridge' (current owner)
We can't assign a new GUID because the asset is in an immutable folder. The asset will be ignored.
GUID [f5bdc05a613799d43845f94fb8735763] for asset 'Packages/com.unity.ugui/Runtime/InternalBridge/AssemblyInfo.cs' conflicts with:
  'Assets/ValidationUGUI/Runtime/InternalBridge/AssemblyInfo.cs' (current owner)
We can't assign a new GUID because the asset is in an immutable folder. The asset will be ignored.
GUID [0ce5fe4db14be432cab1bc46704eef4c] for asset 'Packages/com.unity.ugui/Runtime/InternalBridge/ObjectUtilsBridge.cs' conflicts with:
  'Assets/ValidationUGUI/Runtime/InternalBridge/ObjectUtilsBridge.cs' (current owner)
We can't assign a new GUID because the asset is in an immutable folder. The asset will be ignored.
GUID [987fa2c7d1a0e2242839cb8af2fcecc9] for asset 'Packages/com.unity.ugui/Runtime/InternalBridge/TMPHelpURL.cs' conflicts with:
  'Assets/ValidationUGUI/Runtime/InternalBridge/TMPHelpURL.cs' (current owner)
We can't assign a new GUID because the asset is in an immutable folder. The asset will be ignored.
GUID [43b111c4a445f446abd2c02e77750ff5] for asset 'Packages/com.unity.ugui/Runtime/InternalBridge/Unity.InternalAPIEngineBridge.004.asmdef' conflicts with:
  'Assets/ValidationUGUI/Runtime/InternalBridge/Unity.InternalAPIEngineBridge.004.asmdef' (current owner)
We can't assign a new GUID because the asset is in an immutable folder. The asset will be ignored.
GUID [619aadd8f276341ca84d7ad5a9c6db21] for asset 'Packages/com.unity.ugui/Runtime/TMP' conflicts with:
  'Assets/ValidationUGUI/Runtime/TMP' (current owner)
We can't assign a new GUID because the asset is in an immutable folder. The asset will be ignored.
GUID [1c147d10db452eb4b854a35f84472017] for asset 'Packages/com.unity.ugui/Runtime/TMP/AssemblyInfo.cs' conflicts with:
  'Assets/ValidationUGUI/Runtime/TMP/AssemblyInfo.cs' (current owner)
We can't assign a new GUID because the asset is in an immutable folder. The asset will be ignored.
GUID [871f8edd56e84b8fb295b10cc3c78f36] for asset 'Packages/com.unity.ugui/Runtime/TMP/FastAction.cs' conflicts with:
  'Assets/ValidationUGUI/Runtime/TMP/FastAction.cs' (current owner)
We can't assign a new GUID because the asset is in an immutable folder. The asset will be ignored.
GUID [326e2b1b31fc06d4fa884c803b27b46a] for asset 'Packages/com.unity.ugui/Runtime/TMP/FontFeatureCommon.cs' conflicts with:
  'Assets/ValidationUGUI/Runtime/TMP/FontFeatureCommon.cs' (current owner)
We can't assign a new GUID because the asset is in an immutable folder. The asset will be ignored.
GUID [a4bbbb1fed4e2b7448af9313d6d00536] for asset 'Packages/com.unity.ugui/Runtime/TMP/FontFeatureCommonGPOS.cs' conflicts with:
  'Assets/ValidationUGUI/Runtime/TMP/FontFeatureCommonGPOS.cs' (current owner)
We can't assign a new GUID because the asset is in an immutable folder. The asset will be ignored.
GUID [77b2d47bca9376f4a8ae69084a485957] for asset 'Packages/com.unity.ugui/Runtime/TMP/FontFeatureCommonGSUB.cs' conflicts with:
  'Assets/ValidationUGUI/Runtime/TMP/FontFeatureCommonGSUB.cs' (current owner)
We can't assign a new GUID because the asset is in an immutable folder. The asset will be ignored.
GUID [afc31ad767318c9488de260c166cd21d] for asset 'Packages/com.unity.ugui/Runtime/TMP/ITextPreProcessor.cs' conflicts with:
  'Assets/ValidationUGUI/Runtime/TMP/ITextPreProcessor.cs' (current owner)
We can't assign a new GUID because the asset is in an immutable folder. The asset will be ignored.
GUID [11a6a034ab84493cbed6af5ae7aae78b] for asset 'Packages/com.unity.ugui/Runtime/TMP/MaterialReferenceManager.cs' conflicts with:
  'Assets/ValidationUGUI/Runtime/TMP/MaterialReferenceManager.cs' (current owner)
We can't assign a new GUID because the asset is in an immutable folder. The asset will be ignored.
GUID [32d40088a6124c578ad6b428df586e2e] for asset 'Packages/com.unity.ugui/Runtime/TMP/TextContainer.cs' conflicts with:
  'Assets/ValidationUGUI/Runtime/TMP/TextContainer.cs' (current owner)
We can't assign a new GUID because the asset is in an immutable folder. The asset will be ignored.
GUID [9541d86e2fd84c1d9990edf0852d74ab] for asset 'Packages/com.unity.ugui/Runtime/TMP/TextMeshPro.cs' conflicts with:
  'Assets/ValidationUGUI/Runtime/TMP/TextMeshPro.cs' (current owner)
We can't assign a new GUID because the asset is in an immutable folder. The asset will be ignored.
GUID [f4688fdb7df04437aeb418b961361dc5] for asset 'Packages/com.unity.ugui/Runtime/TMP/TextMeshProUGUI.cs' conflicts with:
  'Assets/ValidationUGUI/Runtime/TMP/TextMeshProUGUI.cs' (current owner)
We can't assign a new GUID because the asset is in an immutable folder. The asset will be ignored.
GUID [3bda1886f58f4e0ab1139400b160c3ee] for asset 'Packages/com.unity.ugui/Runtime/TMP/TMP_Asset.cs' conflicts with:
  'Assets/ValidationUGUI/Runtime/TMP/TMP_Asset.cs' (current owner)
We can't assign a new GUID because the asset is in an immutable folder. The asset will be ignored.
GUID [4ac5b6a65aaeb59478e3b78660e9f134] for asset 'Packages/com.unity.ugui/Runtime/TMP/TMP_Character.cs' conflicts with:
  'Assets/ValidationUGUI/Runtime/TMP/TMP_Character.cs' (current owner)
We can't assign a new GUID because the asset is in an immutable folder. The asset will be ignored.
GUID [90fe1c65e6bb3bc4e90862df7297719e] for asset 'Packages/com.unity.ugui/Runtime/TMP/TMP_CharacterInfo.cs' conflicts with:
  'Assets/ValidationUGUI/Runtime/TMP/TMP_CharacterInfo.cs' (current owner)
We can't assign a new GUID because the asset is in an immutable folder. The asset will be ignored.
GUID [54d21f6ece3b46479f0c328f8c6007e0] for asset 'Packages/com.unity.ugui/Runtime/TMP/TMP_ColorGradient.cs' conflicts with:
  'Assets/ValidationUGUI/Runtime/TMP/TMP_ColorGradient.cs' (current owner)
We can't assign a new GUID because the asset is in an immutable folder. The asset will be ignored.
GUID [21364f754cf9b9b47a60742332d4af56] for asset 'Packages/com.unity.ugui/Runtime/TMP/TMP_Compatibility.cs' conflicts with:
  'Assets/ValidationUGUI/Runtime/TMP/TMP_Compatibility.cs' (current owner)
We can't assign a new GUID because the asset is in an immutable folder. The asset will be ignored.
GUID [658c1fb149e7498aa072b0c0f3bf13f0] for asset 'Packages/com.unity.ugui/Runtime/TMP/TMP_CoroutineTween.cs' conflicts with:
  'Assets/ValidationUGUI/Runtime/TMP/TMP_CoroutineTween.cs' (current owner)
We can't assign a new GUID because the asset is in an immutable folder. The asset will be ignored.
GUID [322392995be44d23a3c86cfd972f838f] for asset 'Packages/com.unity.ugui/Runtime/TMP/TMP_DefaultControls.cs' conflicts with:
  'Assets/ValidationUGUI/Runtime/TMP/TMP_DefaultControls.cs' (current owner)
We can't assign a new GUID because the asset is in an immutable folder. The asset will be ignored.
GUID [7b743370ac3e4ec2a1668f5455a8ef8a] for asset 'Packages/com.unity.ugui/Runtime/TMP/TMP_Dropdown.cs' conflicts with:
  'Assets/ValidationUGUI/Runtime/TMP/TMP_Dropdown.cs' (current owner)
We can't assign a new GUID because the asset is in an immutable folder. The asset will be ignored.
GUID [aaf9006568d76504f982305b517fb490] for asset 'Packages/com.unity.ugui/Runtime/TMP/TMP_DynamicFontAssetUtilities.cs' conflicts with:
  'Assets/ValidationUGUI/Runtime/TMP/TMP_DynamicFontAssetUtilities.cs' (current owner)
We can't assign a new GUID because the asset is in an immutable folder. The asset will be ignored.
GUID [71c1514a6bd24e1e882cebbe1904ce04] for asset 'Packages/com.unity.ugui/Runtime/TMP/TMP_FontAsset.cs' conflicts with:
  'Assets/ValidationUGUI/Runtime/TMP/TMP_FontAsset.cs' (current owner)
We can't assign a new GUID because the asset is in an immutable folder. The asset will be ignored.
GUID [f695b5f9415c40b39ae877eaff41c96e] for asset 'Packages/com.unity.ugui/Runtime/TMP/TMP_FontAssetCommon.cs' conflicts with:
  'Assets/ValidationUGUI/Runtime/TMP/TMP_FontAssetCommon.cs' (current owner)
We can't assign a new GUID because the asset is in an immutable folder. The asset will be ignored.
GUID [0a017569bfe174e4890797b4d64cbabc] for asset 'Packages/com.unity.ugui/Runtime/TMP/TMP_FontAssetUtilities.cs' conflicts with:
  'Assets/ValidationUGUI/Runtime/TMP/TMP_FontAssetUtilities.cs' (current owner)
We can't assign a new GUID because the asset is in an immutable folder. The asset will be ignored.
GUID [27df3b12f30d0b74a9b10a3968c402ff] for asset 'Packages/com.unity.ugui/Runtime/TMP/TMP_FontFeaturesCommon.cs' conflicts with:
  'Assets/ValidationUGUI/Runtime/TMP/TMP_FontFeaturesCommon.cs' (current owner)
We can't assign a new GUID because the asset is in an immutable folder. The asset will be ignored.
GUID [5ea9f573d4b800a49b9d83a1f61c0a88] for asset 'Packages/com.unity.ugui/Runtime/TMP/TMP_FontFeatureTable.cs' conflicts with:
  'Assets/ValidationUGUI/Runtime/TMP/TMP_FontFeatureTable.cs' (current owner)
We can't assign a new GUID because the asset is in an immutable folder. The asset will be ignored.
GUID [2da0c512f12947e489f739169773d7ca] for asset 'Packages/com.unity.ugui/Runtime/TMP/TMP_InputField.cs' conflicts with:
  'Assets/ValidationUGUI/Runtime/TMP/TMP_InputField.cs' (current owner)
We can't assign a new GUID because the asset is in an immutable folder. The asset will be ignored.
GUID [79ff392d1bde4ad78a3836a4a480392d] for asset 'Packages/com.unity.ugui/Runtime/TMP/TMP_InputValidator.cs' conflicts with:
  'Assets/ValidationUGUI/Runtime/TMP/TMP_InputValidator.cs' (current owner)
We can't assign a new GUID because the asset is in an immutable folder. The asset will be ignored.
GUID [b6e75d7f429a4e7e9e1ffb4f85cff49f] for asset 'Packages/com.unity.ugui/Runtime/TMP/TMP_LineInfo.cs' conflicts with:
  'Assets/ValidationUGUI/Runtime/TMP/TMP_LineInfo.cs' (current owner)
We can't assign a new GUID because the asset is in an immutable folder. The asset will be ignored.
GUID [28375447bcea455c9b51a6650b10c9d7] for asset 'Packages/com.unity.ugui/Runtime/TMP/TMP_ListPool.cs' conflicts with:
  'Assets/ValidationUGUI/Runtime/TMP/TMP_ListPool.cs' (current owner)
We can't assign a new GUID because the asset is in an immutable folder. The asset will be ignored.
GUID [6d9df2bc198c417db00037803568139c] for asset 'Packages/com.unity.ugui/Runtime/TMP/TMP_MaterialManager.cs' conflicts with:
  'Assets/ValidationUGUI/Runtime/TMP/TMP_MaterialManager.cs' (current owner)
We can't assign a new GUID because the asset is in an immutable folder. The asset will be ignored.
GUID [e21bec35f48a44298911b25ead550ce3] for asset 'Packages/com.unity.ugui/Runtime/TMP/TMP_MeshInfo.cs' conflicts with:
  'Assets/ValidationUGUI/Runtime/TMP/TMP_MeshInfo.cs' (current owner)
We can't assign a new GUID because the asset is in an immutable folder. The asset will be ignored.
GUID [e69259f6ff914146ad610be5491eb44a] for asset 'Packages/com.unity.ugui/Runtime/TMP/TMP_ObjectPool.cs' conflicts with:
  'Assets/ValidationUGUI/Runtime/TMP/TMP_ObjectPool.cs' (current owner)
We can't assign a new GUID because the asset is in an immutable folder. The asset will be ignored.
GUID [cf1fe50a641faac4691bf49eb32ce333] for asset 'Packages/com.unity.ugui/Runtime/TMP/TMP_PackageResourceImporter.cs' conflicts with:
  'Assets/ValidationUGUI/Runtime/TMP/TMP_PackageResourceImporter.cs' (current owner)
We can't assign a new GUID because the asset is in an immutable folder. The asset will be ignored.
GUID [4877f87131635e6408f8c44e5d86791e] for asset 'Packages/com.unity.ugui/Runtime/TMP/TMP_ResourcesManager.cs' conflicts with:
  'Assets/ValidationUGUI/Runtime/TMP/TMP_ResourcesManager.cs' (current owner)
We can't assign a new GUID because the asset is in an immutable folder. The asset will be ignored.
GUID [b458b2c7f196bdc4581b2f9fd6a5d931] for asset 'Packages/com.unity.ugui/Runtime/TMP/TMP_RichTextTagsCommon.cs' conflicts with:
  'Assets/ValidationUGUI/Runtime/TMP/TMP_RichTextTagsCommon.cs' (current owner)
We can't assign a new GUID because the asset is in an immutable folder. The asset will be ignored.
GUID [34e150112c1c42ac83170b52d898e322] for asset 'Packages/com.unity.ugui/Runtime/TMP/TMP_ScrollbarEventHandler.cs' conflicts with:
  'Assets/ValidationUGUI/Runtime/TMP/TMP_ScrollbarEventHandler.cs' (current owner)
We can't assign a new GUID because the asset is in an immutable folder. The asset will be ignored.
GUID [ca819640f53b48919bf7774744f7f15e] for asset 'Packages/com.unity.ugui/Runtime/TMP/TMP_SelectionCaret.cs' conflicts with:
  'Assets/ValidationUGUI/Runtime/TMP/TMP_SelectionCaret.cs' (current owner)
We can't assign a new GUID because the asset is in an immutable folder. The asset will be ignored.
GUID [2705215ac5b84b70bacc50632be6e391] for asset 'Packages/com.unity.ugui/Runtime/TMP/TMP_Settings.cs' conflicts with:
  'Assets/ValidationUGUI/Runtime/TMP/TMP_Settings.cs' (current owner)
We can't assign a new GUID because the asset is in an immutable folder. The asset will be ignored.
GUID [fea49a0730244a98bf1087f7ca9410a8] for asset 'Packages/com.unity.ugui/Runtime/TMP/TMP_ShaderUtilities.cs' conflicts with:
  'Assets/ValidationUGUI/Runtime/TMP/TMP_ShaderUtilities.cs' (current owner)
We can't assign a new GUID because the asset is in an immutable folder. The asset will be ignored.
GUID [968a09f153574430a6e15ae975145768] for asset 'Packages/com.unity.ugui/Runtime/TMP/TMP_Sprite.cs' conflicts with:
  'Assets/ValidationUGUI/Runtime/TMP/TMP_Sprite.cs' (current owner)
We can't assign a new GUID because the asset is in an immutable folder. The asset will be ignored.
GUID [6366ee97f6b541449155028b9487355a] for asset 'Packages/com.unity.ugui/Runtime/TMP/TMP_SpriteAnimator.cs' conflicts with:
  'Assets/ValidationUGUI/Runtime/TMP/TMP_SpriteAnimator.cs' (current owner)
We can't assign a new GUID because the asset is in an immutable folder. The asset will be ignored.
GUID [84a92b25f83d49b9bc132d206b370281] for asset 'Packages/com.unity.ugui/Runtime/TMP/TMP_SpriteAsset.cs' conflicts with:
  'Assets/ValidationUGUI/Runtime/TMP/TMP_SpriteAsset.cs' (current owner)
We can't assign a new GUID because the asset is in an immutable folder. The asset will be ignored.
GUID [e4e0b1de1aee400d81ed4273141e7823] for asset 'Packages/com.unity.ugui/Runtime/TMP/TMP_SpriteAssetImportFormats.cs' conflicts with:
  'Assets/ValidationUGUI/Runtime/TMP/TMP_SpriteAssetImportFormats.cs' (current owner)
We can't assign a new GUID because the asset is in an immutable folder. The asset will be ignored.
GUID [202d758d102b6854a9710c8b93db742c] for asset 'Packages/com.unity.ugui/Runtime/TMP/TMP_SpriteCharacter.cs' conflicts with:
  'Assets/ValidationUGUI/Runtime/TMP/TMP_SpriteCharacter.cs' (current owner)
We can't assign a new GUID because the asset is in an immutable folder. The asset will be ignored.
GUID [5b5c6a576605b3c4aab7d27193785f27] for asset 'Packages/com.unity.ugui/Runtime/TMP/TMP_SpriteGlyph.cs' conflicts with:
  'Assets/ValidationUGUI/Runtime/TMP/TMP_SpriteGlyph.cs' (current owner)
We can't assign a new GUID because the asset is in an immutable folder. The asset will be ignored.
GUID [30bed781e402439ab8ce4e3357708115] for asset 'Packages/com.unity.ugui/Runtime/TMP/TMP_Style.cs' conflicts with:
  'Assets/ValidationUGUI/Runtime/TMP/TMP_Style.cs' (current owner)
We can't assign a new GUID because the asset is in an immutable folder. The asset will be ignored.
GUID [ab2114bdc8544297b417dfefe9f1e410] for asset 'Packages/com.unity.ugui/Runtime/TMP/TMP_StyleSheet.cs' conflicts with:
  'Assets/ValidationUGUI/Runtime/TMP/TMP_StyleSheet.cs' (current owner)
We can't assign a new GUID because the asset is in an immutable folder. The asset will be ignored.
GUID [07994bfe8b0e4adb97d706de5dea48d5] for asset 'Packages/com.unity.ugui/Runtime/TMP/TMP_SubMesh.cs' conflicts with:
  'Assets/ValidationUGUI/Runtime/TMP/TMP_SubMesh.cs' (current owner)
We can't assign a new GUID because the asset is in an immutable folder. The asset will be ignored.
GUID [058cba836c1846c3aa1c5fd2e28aea77] for asset 'Packages/com.unity.ugui/Runtime/TMP/TMP_SubMeshUI.cs' conflicts with:
  'Assets/ValidationUGUI/Runtime/TMP/TMP_SubMeshUI.cs' (current owner)
We can't assign a new GUID because the asset is in an immutable folder. The asset will be ignored.
GUID [5143f58107604835ab1a5efa2d8818fd] for asset 'Packages/com.unity.ugui/Runtime/TMP/TMP_Text.cs' conflicts with:
  'Assets/ValidationUGUI/Runtime/TMP/TMP_Text.cs' (current owner)
We can't assign a new GUID because the asset is in an immutable folder. The asset will be ignored.
GUID [543674eec776b1442a192c932e6cd9b3] for asset 'Packages/com.unity.ugui/Runtime/TMP/TMP_TextElement.cs' conflicts with:
  'Assets/ValidationUGUI/Runtime/TMP/TMP_TextElement.cs' (current owner)
We can't assign a new GUID because the asset is in an immutable folder. The asset will be ignored.
GUID [87ab1bebe13f41f89d5427e7d2c34d58] for asset 'Packages/com.unity.ugui/Runtime/TMP/TMP_TextElement_Legacy.cs' conflicts with:
  'Assets/ValidationUGUI/Runtime/TMP/TMP_TextElement_Legacy.cs' (current owner)
We can't assign a new GUID because the asset is in an immutable folder. The asset will be ignored.
GUID [4ae64f3f72004807a9f919f9c27af0db] for asset 'Packages/com.unity.ugui/Runtime/TMP/TMP_TextInfo.cs' conflicts with:
  'Assets/ValidationUGUI/Runtime/TMP/TMP_TextInfo.cs' (current owner)
We can't assign a new GUID because the asset is in an immutable folder. The asset will be ignored.
GUID [6ad632cbcc87f634d9b86006cdffdaf5] for asset 'Packages/com.unity.ugui/Runtime/TMP/TMP_TextParsingUtilities.cs' conflicts with:
  'Assets/ValidationUGUI/Runtime/TMP/TMP_TextParsingUtilities.cs' (current owner)
We can't assign a new GUID because the asset is in an immutable folder. The asset will be ignored.
GUID [c8f647c4cc6a64e4ba36c171768ab9a7] for asset 'Packages/com.unity.ugui/Runtime/TMP/TMP_TextProcessingCommon.cs' conflicts with:
  'Assets/ValidationUGUI/Runtime/TMP/TMP_TextProcessingCommon.cs' (current owner)
We can't assign a new GUID because the asset is in an immutable folder. The asset will be ignored.
GUID [20a9b557a46149dfbfa04a3a7080f5aa] for asset 'Packages/com.unity.ugui/Runtime/TMP/TMP_TextProcessingStack.cs' conflicts with:
  'Assets/ValidationUGUI/Runtime/TMP/TMP_TextProcessingStack.cs' (current owner)
We can't assign a new GUID because the asset is in an immutable folder. The asset will be ignored.
GUID [4f0ca6874aa74540bb3d4fe5a0f86bcc] for asset 'Packages/com.unity.ugui/Runtime/TMP/TMP_TextUtilities.cs' conflicts with:
  'Assets/ValidationUGUI/Runtime/TMP/TMP_TextUtilities.cs' (current owner)
We can't assign a new GUID because the asset is in an immutable folder. The asset will be ignored.
GUID [691db8cb70c4426a8ae718465c21345f] for asset 'Packages/com.unity.ugui/Runtime/TMP/TMP_UpdateManager.cs' conflicts with:
  'Assets/ValidationUGUI/Runtime/TMP/TMP_UpdateManager.cs' (current owner)
We can't assign a new GUID because the asset is in an immutable folder. The asset will be ignored.
GUID [a55fb7b4961a425381d1282fc424f966] for asset 'Packages/com.unity.ugui/Runtime/TMP/TMP_UpdateRegistery.cs' conflicts with:
  'Assets/ValidationUGUI/Runtime/TMP/TMP_UpdateRegistery.cs' (current owner)
We can't assign a new GUID because the asset is in an immutable folder. The asset will be ignored.
GUID [96e9072453a441618754c478755b3028] for asset 'Packages/com.unity.ugui/Runtime/TMP/TMPro_EventManager.cs' conflicts with:
  'Assets/ValidationUGUI/Runtime/TMP/TMPro_EventManager.cs' (current owner)
We can't assign a new GUID because the asset is in an immutable folder. The asset will be ignored.
GUID [77476292f9fa4905a787e6417853846b] for asset 'Packages/com.unity.ugui/Runtime/TMP/TMPro_ExtensionMethods.cs' conflicts with:
  'Assets/ValidationUGUI/Runtime/TMP/TMPro_ExtensionMethods.cs' (current owner)
We can't assign a new GUID because the asset is in an immutable folder. The asset will be ignored.
GUID [effb76e1937b45ff8adf45e51a4c08cf] for asset 'Packages/com.unity.ugui/Runtime/TMP/TMPro_MeshUtilities.cs' conflicts with:
  'Assets/ValidationUGUI/Runtime/TMP/TMPro_MeshUtilities.cs' (current owner)
We can't assign a new GUID because the asset is in an immutable folder. The asset will be ignored.
GUID [6055be8ebefd69e48b49212b09b47b2f] for asset 'Packages/com.unity.ugui/Runtime/TMP/Unity.TextMeshPro.asmdef' conflicts with:
  'Assets/ValidationUGUI/Runtime/TMP/Unity.TextMeshPro.asmdef' (current owner)
We can't assign a new GUID because the asset is in an immutable folder. The asset will be ignored.
GUID [1817d28a5343b4ec19b4ec7903730e2c] for asset 'Packages/com.unity.ugui/Runtime/UGUI' conflicts with:
  'Assets/ValidationUGUI/Runtime/UGUI' (current owner)
We can't assign a new GUID because the asset is in an immutable folder. The asset will be ignored.
GUID [58c9792f08de21b4194eb2f9d862dc22] for asset 'Packages/com.unity.ugui/Runtime/UGUI/AssemblyInfo.cs' conflicts with:
  'Assets/ValidationUGUI/Runtime/UGUI/AssemblyInfo.cs' (current owner)
We can't assign a new GUID because the asset is in an immutable folder. The asset will be ignored.
GUID [7f27709c942d91541be1fd6aa5cb3d78] for asset 'Packages/com.unity.ugui/Runtime/UGUI/EventSystem' conflicts with:
  'Assets/ValidationUGUI/Runtime/UGUI/EventSystem' (current owner)
We can't assign a new GUID because the asset is in an immutable folder. The asset will be ignored.
GUID [b3cdabf2f1e76854d8aab5930305d70d] for asset 'Packages/com.unity.ugui/Runtime/UGUI/EventSystem/EventData' conflicts with:
  'Assets/ValidationUGUI/Runtime/UGUI/EventSystem/EventData' (current owner)
We can't assign a new GUID because the asset is in an immutable folder. The asset will be ignored.
GUID [b180fd8310805e44dbbef545d0231418] for asset 'Packages/com.unity.ugui/Runtime/UGUI/EventSystem/EventData/AxisEventData.cs' conflicts with:
  'Assets/ValidationUGUI/Runtime/UGUI/EventSystem/EventData/AxisEventData.cs' (current owner)
We can't assign a new GUID because the asset is in an immutable folder. The asset will be ignored.
GUID [91f495459b6e34f419ac123740d798b1] for asset 'Packages/com.unity.ugui/Runtime/UGUI/EventSystem/EventData/BaseEventData.cs' conflicts with:
  'Assets/ValidationUGUI/Runtime/UGUI/EventSystem/EventData/BaseEventData.cs' (current owner)
We can't assign a new GUID because the asset is in an immutable folder. The asset will be ignored.
GUID [75df57ccb1e44c64085399277405e1ca] for asset 'Packages/com.unity.ugui/Runtime/UGUI/EventSystem/EventData/PointerEventData.cs' conflicts with:
  'Assets/ValidationUGUI/Runtime/UGUI/EventSystem/EventData/PointerEventData.cs' (current owner)
We can't assign a new GUID because the asset is in an immutable folder. The asset will be ignored.
GUID [db7dd43fe1278a9459cd6036f096b91d] for asset 'Packages/com.unity.ugui/Runtime/UGUI/EventSystem/EventHandle.cs' conflicts with:
  'Assets/ValidationUGUI/Runtime/UGUI/EventSystem/EventHandle.cs' (current owner)
We can't assign a new GUID because the asset is in an immutable folder. The asset will be ignored.
GUID [2359c66dee10c454c97f6aea84e3fe22] for asset 'Packages/com.unity.ugui/Runtime/UGUI/EventSystem/EventInterfaces.cs' conflicts with:
  'Assets/ValidationUGUI/Runtime/UGUI/EventSystem/EventInterfaces.cs' (current owner)
We can't assign a new GUID because the asset is in an immutable folder. The asset will be ignored.
GUID [76c392e42b5098c458856cdf6ecaaaa1] for asset 'Packages/com.unity.ugui/Runtime/UGUI/EventSystem/EventSystem.cs' conflicts with:
  'Assets/ValidationUGUI/Runtime/UGUI/EventSystem/EventSystem.cs' (current owner)
We can't assign a new GUID because the asset is in an immutable folder. The asset will be ignored.
GUID [d0b148fe25e99eb48b9724523833bab1] for asset 'Packages/com.unity.ugui/Runtime/UGUI/EventSystem/EventTrigger.cs' conflicts with:
  'Assets/ValidationUGUI/Runtime/UGUI/EventSystem/EventTrigger.cs' (current owner)
We can't assign a new GUID because the asset is in an immutable folder. The asset will be ignored.
GUID [3fa274f26b1574c40b949e114327022e] for asset 'Packages/com.unity.ugui/Runtime/UGUI/EventSystem/EventTriggerType.cs' conflicts with:
  'Assets/ValidationUGUI/Runtime/UGUI/EventSystem/EventTriggerType.cs' (current owner)
We can't assign a new GUID because the asset is in an immutable folder. The asset will be ignored.
GUID [623c79a1e113b4941afdbfc88d19e8fd] for asset 'Packages/com.unity.ugui/Runtime/UGUI/EventSystem/ExecuteEvents.cs' conflicts with:
  'Assets/ValidationUGUI/Runtime/UGUI/EventSystem/ExecuteEvents.cs' (current owner)
We can't assign a new GUID because the asset is in an immutable folder. The asset will be ignored.
GUID [8e78f8a8575e4a04f8337a54e241cdc5] for asset 'Packages/com.unity.ugui/Runtime/UGUI/EventSystem/InputModules' conflicts with:
  'Assets/ValidationUGUI/Runtime/UGUI/EventSystem/InputModules' (current owner)
We can't assign a new GUID because the asset is in an immutable folder. The asset will be ignored.
GUID [1511ccae7919cfc46b603b9b337fdc94] for asset 'Packages/com.unity.ugui/Runtime/UGUI/EventSystem/InputModules/BaseInput.cs' conflicts with:
  'Assets/ValidationUGUI/Runtime/UGUI/EventSystem/InputModules/BaseInput.cs' (current owner)
We can't assign a new GUID because the asset is in an immutable folder. The asset will be ignored.
GUID [1ea10891dd782154ca0fb67bce9e6f72] for asset 'Packages/com.unity.ugui/Runtime/UGUI/EventSystem/InputModules/BaseInputModule.cs' conflicts with:
  'Assets/ValidationUGUI/Runtime/UGUI/EventSystem/InputModules/BaseInputModule.cs' (current owner)
We can't assign a new GUID because the asset is in an immutable folder. The asset will be ignored.
GUID [cbab8835092323a4389f2dc7d8f6c781] for asset 'Packages/com.unity.ugui/Runtime/UGUI/EventSystem/InputModules/PointerInputModule.cs' conflicts with:
  'Assets/ValidationUGUI/Runtime/UGUI/EventSystem/InputModules/PointerInputModule.cs' (current owner)
We can't assign a new GUID because the asset is in an immutable folder. The asset will be ignored.
GUID [4f231c4fb786f3946a6b90b886c48677] for asset 'Packages/com.unity.ugui/Runtime/UGUI/EventSystem/InputModules/StandaloneInputModule.cs' conflicts with:
  'Assets/ValidationUGUI/Runtime/UGUI/EventSystem/InputModules/StandaloneInputModule.cs' (current owner)
We can't assign a new GUID because the asset is in an immutable folder. The asset will be ignored.
GUID [2d49b7c1bcd2e07499844da127be038d] for asset 'Packages/com.unity.ugui/Runtime/UGUI/EventSystem/InputModules/TouchInputModule.cs' conflicts with:
  'Assets/ValidationUGUI/Runtime/UGUI/EventSystem/InputModules/TouchInputModule.cs' (current owner)
We can't assign a new GUID because the asset is in an immutable folder. The asset will be ignored.
GUID [4d2250412b81fe34abf39f246e274479] for asset 'Packages/com.unity.ugui/Runtime/UGUI/EventSystem/MoveDirection.cs' conflicts with:
  'Assets/ValidationUGUI/Runtime/UGUI/EventSystem/MoveDirection.cs' (current owner)
We can't assign a new GUID because the asset is in an immutable folder. The asset will be ignored.
GUID [26570be2af04195458e6f1ac1f5c48e0] for asset 'Packages/com.unity.ugui/Runtime/UGUI/EventSystem/RaycasterManager.cs' conflicts with:
  'Assets/ValidationUGUI/Runtime/UGUI/EventSystem/RaycasterManager.cs' (current owner)
We can't assign a new GUID because the asset is in an immutable folder. The asset will be ignored.
GUID [46646a5562f14984690c85ee7b946bc9] for asset 'Packages/com.unity.ugui/Runtime/UGUI/EventSystem/Raycasters' conflicts with:
  'Assets/ValidationUGUI/Runtime/UGUI/EventSystem/Raycasters' (current owner)
We can't assign a new GUID because the asset is in an immutable folder. The asset will be ignored.
GUID [426106349a0ff964fa4e7178c1d3a4f5] for asset 'Packages/com.unity.ugui/Runtime/UGUI/EventSystem/Raycasters/BaseRaycaster.cs' conflicts with:
  'Assets/ValidationUGUI/Runtime/UGUI/EventSystem/Raycasters/BaseRaycaster.cs' (current owner)
We can't assign a new GUID because the asset is in an immutable folder. The asset will be ignored.
GUID [56666c5a40171f54783dd416a44f42bf] for asset 'Packages/com.unity.ugui/Runtime/UGUI/EventSystem/Raycasters/Physics2DRaycaster.cs' conflicts with:
  'Assets/ValidationUGUI/Runtime/UGUI/EventSystem/Raycasters/Physics2DRaycaster.cs' (current owner)
We can't assign a new GUID because the asset is in an immutable folder. The asset will be ignored.
GUID [c49b4cc203aa6414fae5c798d1d0e7d6] for asset 'Packages/com.unity.ugui/Runtime/UGUI/EventSystem/Raycasters/PhysicsRaycaster.cs' conflicts with:
  'Assets/ValidationUGUI/Runtime/UGUI/EventSystem/Raycasters/PhysicsRaycaster.cs' (current owner)
We can't assign a new GUID because the asset is in an immutable folder. The asset will be ignored.
GUID [3550d8ec6f29ab34d895ae9a43d560c2] for asset 'Packages/com.unity.ugui/Runtime/UGUI/EventSystem/RaycastResult.cs' conflicts with:
  'Assets/ValidationUGUI/Runtime/UGUI/EventSystem/RaycastResult.cs' (current owner)
We can't assign a new GUID because the asset is in an immutable folder. The asset will be ignored.
GUID [0aaa057ce5566e940b18a0ccd0344693] for asset 'Packages/com.unity.ugui/Runtime/UGUI/EventSystem/UIBehaviour.cs' conflicts with:
  'Assets/ValidationUGUI/Runtime/UGUI/EventSystem/UIBehaviour.cs' (current owner)
We can't assign a new GUID because the asset is in an immutable folder. The asset will be ignored.
GUID [5dc64c943466a44498be3b620c743b45] for asset 'Packages/com.unity.ugui/Runtime/UGUI/EventSystem/UIElements' conflicts with:
  'Assets/ValidationUGUI/Runtime/UGUI/EventSystem/UIElements' (current owner)
We can't assign a new GUID because the asset is in an immutable folder. The asset will be ignored.
GUID [8a410b213209442fb15a69799f0240a5] for asset 'Packages/com.unity.ugui/Runtime/UGUI/EventSystem/UIElements/PanelEventHandler.cs' conflicts with:
  'Assets/ValidationUGUI/Runtime/UGUI/EventSystem/UIElements/PanelEventHandler.cs' (current owner)
We can't assign a new GUID because the asset is in an immutable folder. The asset will be ignored.
GUID [7a79c4e23d4d4b64bfa5fa9e6671a460] for asset 'Packages/com.unity.ugui/Runtime/UGUI/EventSystem/UIElements/PanelRaycaster.cs' conflicts with:
  'Assets/ValidationUGUI/Runtime/UGUI/EventSystem/UIElements/PanelRaycaster.cs' (current owner)
We can't assign a new GUID because the asset is in an immutable folder. The asset will be ignored.
GUID [ba923e2b58fea044bb1f8839376a1118] for asset 'Packages/com.unity.ugui/Runtime/UGUI/EventSystem/UIElements/UIToolkitInteroperabilityBridge.cs' conflicts with:
  'Assets/ValidationUGUI/Runtime/UGUI/EventSystem/UIElements/UIToolkitInteroperabilityBridge.cs' (current owner)
We can't assign a new GUID because the asset is in an immutable folder. The asset will be ignored.
GUID [2c727e4c005e5114fb3348a38c4cebbf] for asset 'Packages/com.unity.ugui/Runtime/UGUI/EventSystem/UIElements/WorldDocumentRaycaster.cs' conflicts with:
  'Assets/ValidationUGUI/Runtime/UGUI/EventSystem/UIElements/WorldDocumentRaycaster.cs' (current owner)
We can't assign a new GUID because the asset is in an immutable folder. The asset will be ignored.
GUID [32e2186f4598cff489784aae586f2215] for asset 'Packages/com.unity.ugui/Runtime/UGUI/Properties' conflicts with:
  'Assets/ValidationUGUI/Runtime/UGUI/Properties' (current owner)
We can't assign a new GUID because the asset is in an immutable folder. The asset will be ignored.
GUID [7d7bd4bcc815cfb44b9990c29dabdb9f] for asset 'Packages/com.unity.ugui/Runtime/UGUI/Properties/AssemblyInfo.cs' conflicts with:
  'Assets/ValidationUGUI/Runtime/UGUI/Properties/AssemblyInfo.cs' (current owner)
We can't assign a new GUID because the asset is in an immutable folder. The asset will be ignored.
GUID [742654cad2425334696ba6ed4495cfef] for asset 'Packages/com.unity.ugui/Runtime/UGUI/UI' conflicts with:
  'Assets/ValidationUGUI/Runtime/UGUI/UI' (current owner)
We can't assign a new GUID because the asset is in an immutable folder. The asset will be ignored.
GUID [5472815444de2ce45bf2053a4af04b9d] for asset 'Packages/com.unity.ugui/Runtime/UGUI/UI/Animation' conflicts with:
  'Assets/ValidationUGUI/Runtime/UGUI/UI/Animation' (current owner)
We can't assign a new GUID because the asset is in an immutable folder. The asset will be ignored.
GUID [7be84a49bb2cd7e4a9ed097ba22794d0] for asset 'Packages/com.unity.ugui/Runtime/UGUI/UI/Animation/CoroutineTween.cs' conflicts with:
  'Assets/ValidationUGUI/Runtime/UGUI/UI/Animation/CoroutineTween.cs' (current owner)
We can't assign a new GUID because the asset is in an immutable folder. The asset will be ignored.
GUID [12c42068351bb084abde965d725b9887] for asset 'Packages/com.unity.ugui/Runtime/UGUI/UI/Core' conflicts with:
  'Assets/ValidationUGUI/Runtime/UGUI/UI/Core' (current owner)
We can't assign a new GUID because the asset is in an immutable folder. The asset will be ignored.
GUID [c67ac6e40bbb6fe47a095b949b609ce0] for asset 'Packages/com.unity.ugui/Runtime/UGUI/UI/Core/AnimationTriggers.cs' conflicts with:
  'Assets/ValidationUGUI/Runtime/UGUI/UI/Core/AnimationTriggers.cs' (current owner)
We can't assign a new GUID because the asset is in an immutable folder. The asset will be ignored.
GUID [4e29b1a8efbd4b44bb3f3716e73f07ff] for asset 'Packages/com.unity.ugui/Runtime/UGUI/UI/Core/Button.cs' conflicts with:
  'Assets/ValidationUGUI/Runtime/UGUI/UI/Core/Button.cs' (current owner)
We can't assign a new GUID because the asset is in an immutable folder. The asset will be ignored.
GUID [bfb788a43e03363419155b8af77da971] for asset 'Packages/com.unity.ugui/Runtime/UGUI/UI/Core/CanvasUpdateRegistry.cs' conflicts with:
  'Assets/ValidationUGUI/Runtime/UGUI/UI/Core/CanvasUpdateRegistry.cs' (current owner)
We can't assign a new GUID because the asset is in an immutable folder. The asset will be ignored.
GUID [83088ba2132cbc940b7ca0c679a02b0d] for asset 'Packages/com.unity.ugui/Runtime/UGUI/UI/Core/ColorBlock.cs' conflicts with:
  'Assets/ValidationUGUI/Runtime/UGUI/UI/Core/ColorBlock.cs' (current owner)
We can't assign a new GUID because the asset is in an immutable folder. The asset will be ignored.
GUID [27ed3e221887b3544bd9d6505d4a789f] for asset 'Packages/com.unity.ugui/Runtime/UGUI/UI/Core/Culling' conflicts with:
  'Assets/ValidationUGUI/Runtime/UGUI/UI/Core/Culling' (current owner)
We can't assign a new GUID because the asset is in an immutable folder. The asset will be ignored.
GUID [9f1026265f8e3d54fb6e9f082c43debf] for asset 'Packages/com.unity.ugui/Runtime/UGUI/UI/Core/Culling/ClipperRegistry.cs' conflicts with:
  'Assets/ValidationUGUI/Runtime/UGUI/UI/Core/Culling/ClipperRegistry.cs' (current owner)
We can't assign a new GUID because the asset is in an immutable folder. The asset will be ignored.
GUID [67e3583b91179094094c6a188b232262] for asset 'Packages/com.unity.ugui/Runtime/UGUI/UI/Core/Culling/Clipping.cs' conflicts with:
  'Assets/ValidationUGUI/Runtime/UGUI/UI/Core/Culling/Clipping.cs' (current owner)
We can't assign a new GUID because the asset is in an immutable folder. The asset will be ignored.
GUID [371b6b9c8adc50745ace66a6fdf67481] for asset 'Packages/com.unity.ugui/Runtime/UGUI/UI/Core/Culling/IClipRegion.cs' conflicts with:
  'Assets/ValidationUGUI/Runtime/UGUI/UI/Core/Culling/IClipRegion.cs' (current owner)
We can't assign a new GUID because the asset is in an immutable folder. The asset will be ignored.
GUID [c606041f02fc7d542b1429806872292b] for asset 'Packages/com.unity.ugui/Runtime/UGUI/UI/Core/Culling/RectangularVertexClipper.cs' conflicts with:
  'Assets/ValidationUGUI/Runtime/UGUI/UI/Core/Culling/RectangularVertexClipper.cs' (current owner)
We can't assign a new GUID because the asset is in an immutable folder. The asset will be ignored.
GUID [bf87e20fb5440ec498f441167b5291f8] for asset 'Packages/com.unity.ugui/Runtime/UGUI/UI/Core/DefaultControls.cs' conflicts with:
  'Assets/ValidationUGUI/Runtime/UGUI/UI/Core/DefaultControls.cs' (current owner)
We can't assign a new GUID because the asset is in an immutable folder. The asset will be ignored.
GUID [0d0b652f32a2cc243917e4028fa0f046] for asset 'Packages/com.unity.ugui/Runtime/UGUI/UI/Core/Dropdown.cs' conflicts with:
  'Assets/ValidationUGUI/Runtime/UGUI/UI/Core/Dropdown.cs' (current owner)
We can't assign a new GUID because the asset is in an immutable folder. The asset will be ignored.
GUID [13cd966480ec3354bb318ee1aeccff6f] for asset 'Packages/com.unity.ugui/Runtime/UGUI/UI/Core/FontData.cs' conflicts with:
  'Assets/ValidationUGUI/Runtime/UGUI/UI/Core/FontData.cs' (current owner)
We can't assign a new GUID because the asset is in an immutable folder. The asset will be ignored.
GUID [39ab466162988eb4f83443f911bbf5c8] for asset 'Packages/com.unity.ugui/Runtime/UGUI/UI/Core/FontUpdateTracker.cs' conflicts with:
  'Assets/ValidationUGUI/Runtime/UGUI/UI/Core/FontUpdateTracker.cs' (current owner)
We can't assign a new GUID because the asset is in an immutable folder. The asset will be ignored.
GUID [a6238e9452bfc704f82ff36791fe1a45] for asset 'Packages/com.unity.ugui/Runtime/UGUI/UI/Core/Graphic.cs' conflicts with:
  'Assets/ValidationUGUI/Runtime/UGUI/UI/Core/Graphic.cs' (current owner)
We can't assign a new GUID because the asset is in an immutable folder. The asset will be ignored.
GUID [dc42784cf147c0c48a680349fa168899] for asset 'Packages/com.unity.ugui/Runtime/UGUI/UI/Core/GraphicRaycaster.cs' conflicts with:
  'Assets/ValidationUGUI/Runtime/UGUI/UI/Core/GraphicRaycaster.cs' (current owner)
We can't assign a new GUID because the asset is in an immutable folder. The asset will be ignored.
GUID [445cdcfc747eba94288b97f5869aa2fb] for asset 'Packages/com.unity.ugui/Runtime/UGUI/UI/Core/GraphicRebuildTracker.cs' conflicts with:
  'Assets/ValidationUGUI/Runtime/UGUI/UI/Core/GraphicRebuildTracker.cs' (current owner)
We can't assign a new GUID because the asset is in an immutable folder. The asset will be ignored.
GUID [69e3979b7029e8a4da2d96b714ba5c3a] for asset 'Packages/com.unity.ugui/Runtime/UGUI/UI/Core/GraphicRegistry.cs' conflicts with:
  'Assets/ValidationUGUI/Runtime/UGUI/UI/Core/GraphicRegistry.cs' (current owner)
We can't assign a new GUID because the asset is in an immutable folder. The asset will be ignored.
GUID [928dc55e2c8c3ee4dad33b6d561cb6ea] for asset 'Packages/com.unity.ugui/Runtime/UGUI/UI/Core/IGraphicEnabledDisabled.cs' conflicts with:
  'Assets/ValidationUGUI/Runtime/UGUI/UI/Core/IGraphicEnabledDisabled.cs' (current owner)
We can't assign a new GUID because the asset is in an immutable folder. The asset will be ignored.
GUID [fe87c0e1cc204ed48ad3b37840f39efc] for asset 'Packages/com.unity.ugui/Runtime/UGUI/UI/Core/Image.cs' conflicts with:
  'Assets/ValidationUGUI/Runtime/UGUI/UI/Core/Image.cs' (current owner)
We can't assign a new GUID because the asset is in an immutable folder. The asset will be ignored.
GUID [ceb629fc661813d40986b4abbefe72c6] for asset 'Packages/com.unity.ugui/Runtime/UGUI/UI/Core/IMask.cs' conflicts with:
  'Assets/ValidationUGUI/Runtime/UGUI/UI/Core/IMask.cs' (current owner)
We can't assign a new GUID because the asset is in an immutable folder. The asset will be ignored.
GUID [61a20120cddc53849bbc10fc805ffe3e] for asset 'Packages/com.unity.ugui/Runtime/UGUI/UI/Core/IMaskable.cs' conflicts with:
  'Assets/ValidationUGUI/Runtime/UGUI/UI/Core/IMaskable.cs' (current owner)
We can't assign a new GUID because the asset is in an immutable folder. The asset will be ignored.
GUID [d199490a83bb2b844b9695cbf13b01ef] for asset 'Packages/com.unity.ugui/Runtime/UGUI/UI/Core/InputField.cs' conflicts with:
  'Assets/ValidationUGUI/Runtime/UGUI/UI/Core/InputField.cs' (current owner)
We can't assign a new GUID because the asset is in an immutable folder. The asset will be ignored.
GUID [1999349e7f492c947bb6eb70f624382e] for asset 'Packages/com.unity.ugui/Runtime/UGUI/UI/Core/Layout' conflicts with:
  'Assets/ValidationUGUI/Runtime/UGUI/UI/Core/Layout' (current owner)
We can't assign a new GUID because the asset is in an immutable folder. The asset will be ignored.
GUID [86710e43de46f6f4bac7c8e50813a599] for asset 'Packages/com.unity.ugui/Runtime/UGUI/UI/Core/Layout/AspectRatioFitter.cs' conflicts with:
  'Assets/ValidationUGUI/Runtime/UGUI/UI/Core/Layout/AspectRatioFitter.cs' (current owner)
We can't assign a new GUID because the asset is in an immutable folder. The asset will be ignored.
GUID [0cd44c1031e13a943bb63640046fad76] for asset 'Packages/com.unity.ugui/Runtime/UGUI/UI/Core/Layout/CanvasScaler.cs' conflicts with:
  'Assets/ValidationUGUI/Runtime/UGUI/UI/Core/Layout/CanvasScaler.cs' (current owner)
We can't assign a new GUID because the asset is in an immutable folder. The asset will be ignored.
GUID [3245ec927659c4140ac4f8d17403cc18] for asset 'Packages/com.unity.ugui/Runtime/UGUI/UI/Core/Layout/ContentSizeFitter.cs' conflicts with:
  'Assets/ValidationUGUI/Runtime/UGUI/UI/Core/Layout/ContentSizeFitter.cs' (current owner)
We can't assign a new GUID because the asset is in an immutable folder. The asset will be ignored.
GUID [8a8695521f0d02e499659fee002a26c2] for asset 'Packages/com.unity.ugui/Runtime/UGUI/UI/Core/Layout/GridLayoutGroup.cs' conflicts with:
  'Assets/ValidationUGUI/Runtime/UGUI/UI/Core/Layout/GridLayoutGroup.cs' (current owner)
We can't assign a new GUID because the asset is in an immutable folder. The asset will be ignored.
GUID [30649d3a9faa99c48a7b1166b86bf2a0] for asset 'Packages/com.unity.ugui/Runtime/UGUI/UI/Core/Layout/HorizontalLayoutGroup.cs' conflicts with:
  'Assets/ValidationUGUI/Runtime/UGUI/UI/Core/Layout/HorizontalLayoutGroup.cs' (current owner)
We can't assign a new GUID because the asset is in an immutable folder. The asset will be ignored.
GUID [a5c214e5846a99242b348c37e49b2f59] for asset 'Packages/com.unity.ugui/Runtime/UGUI/UI/Core/Layout/HorizontalOrVerticalLayoutGroup.cs' conflicts with:
  'Assets/ValidationUGUI/Runtime/UGUI/UI/Core/Layout/HorizontalOrVerticalLayoutGroup.cs' (current owner)
We can't assign a new GUID because the asset is in an immutable folder. The asset will be ignored.
GUID [368d3a0498e78014da578aa5f45e2797] for asset 'Packages/com.unity.ugui/Runtime/UGUI/UI/Core/Layout/ILayoutElement.cs' conflicts with:
  'Assets/ValidationUGUI/Runtime/UGUI/UI/Core/Layout/ILayoutElement.cs' (current owner)
We can't assign a new GUID because the asset is in an immutable folder. The asset will be ignored.
GUID [306cc8c2b49d7114eaa3623786fc2126] for asset 'Packages/com.unity.ugui/Runtime/UGUI/UI/Core/Layout/LayoutElement.cs' conflicts with:
  'Assets/ValidationUGUI/Runtime/UGUI/UI/Core/Layout/LayoutElement.cs' (current owner)
We can't assign a new GUID because the asset is in an immutable folder. The asset will be ignored.
GUID [cb7c939a806f03341b682c180dc13f08] for asset 'Packages/com.unity.ugui/Runtime/UGUI/UI/Core/Layout/LayoutGroup.cs' conflicts with:
  'Assets/ValidationUGUI/Runtime/UGUI/UI/Core/Layout/LayoutGroup.cs' (current owner)
We can't assign a new GUID because the asset is in an immutable folder. The asset will be ignored.
GUID [006633c8a6f4ae94aa9babf72234e1a2] for asset 'Packages/com.unity.ugui/Runtime/UGUI/UI/Core/Layout/LayoutRebuilder.cs' conflicts with:
  'Assets/ValidationUGUI/Runtime/UGUI/UI/Core/Layout/LayoutRebuilder.cs' (current owner)
We can't assign a new GUID because the asset is in an immutable folder. The asset will be ignored.
GUID [82bf3f737dec0be43a60891958a8da87] for asset 'Packages/com.unity.ugui/Runtime/UGUI/UI/Core/Layout/LayoutUtility.cs' conflicts with:
  'Assets/ValidationUGUI/Runtime/UGUI/UI/Core/Layout/LayoutUtility.cs' (current owner)
We can't assign a new GUID because the asset is in an immutable folder. The asset will be ignored.
GUID [59f8146938fff824cb5fd77236b75775] for asset 'Packages/com.unity.ugui/Runtime/UGUI/UI/Core/Layout/VerticalLayoutGroup.cs' conflicts with:
  'Assets/ValidationUGUI/Runtime/UGUI/UI/Core/Layout/VerticalLayoutGroup.cs' (current owner)
We can't assign a new GUID because the asset is in an immutable folder. The asset will be ignored.
GUID [31a19414c41e5ae4aae2af33fee712f6] for asset 'Packages/com.unity.ugui/Runtime/UGUI/UI/Core/Mask.cs' conflicts with:
  'Assets/ValidationUGUI/Runtime/UGUI/UI/Core/Mask.cs' (current owner)
We can't assign a new GUID because the asset is in an immutable folder. The asset will be ignored.
GUID [976acc75bfafe594cb01142ba21947be] for asset 'Packages/com.unity.ugui/Runtime/UGUI/UI/Core/MaskableGraphic.cs' conflicts with:
  'Assets/ValidationUGUI/Runtime/UGUI/UI/Core/MaskableGraphic.cs' (current owner)
We can't assign a new GUID because the asset is in an immutable folder. The asset will be ignored.
GUID [7bd96d76711152648a736c4d28d865f2] for asset 'Packages/com.unity.ugui/Runtime/UGUI/UI/Core/MaskUtilities.cs' conflicts with:
  'Assets/ValidationUGUI/Runtime/UGUI/UI/Core/MaskUtilities.cs' (current owner)
We can't assign a new GUID because the asset is in an immutable folder. The asset will be ignored.
GUID [7c6295db74da28645bf49db58b7c9c65] for asset 'Packages/com.unity.ugui/Runtime/UGUI/UI/Core/MaterialModifiers' conflicts with:
  'Assets/ValidationUGUI/Runtime/UGUI/UI/Core/MaterialModifiers' (current owner)
We can't assign a new GUID because the asset is in an immutable folder. The asset will be ignored.
GUID [20ff4283f687e044087714f82c4d6d3f] for asset 'Packages/com.unity.ugui/Runtime/UGUI/UI/Core/MaterialModifiers/IMaterialModifier.cs' conflicts with:
  'Assets/ValidationUGUI/Runtime/UGUI/UI/Core/MaterialModifiers/IMaterialModifier.cs' (current owner)
We can't assign a new GUID because the asset is in an immutable folder. The asset will be ignored.
GUID [828075bc53f2de84982a943870529b7b] for asset 'Packages/com.unity.ugui/Runtime/UGUI/UI/Core/Misc.cs' conflicts with:
  'Assets/ValidationUGUI/Runtime/UGUI/UI/Core/Misc.cs' (current owner)
We can't assign a new GUID because the asset is in an immutable folder. The asset will be ignored.
GUID [5ebeb75bd91642048bb3f6c1939fde66] for asset 'Packages/com.unity.ugui/Runtime/UGUI/UI/Core/MultipleDisplayUtilities.cs' conflicts with:
  'Assets/ValidationUGUI/Runtime/UGUI/UI/Core/MultipleDisplayUtilities.cs' (current owner)
We can't assign a new GUID because the asset is in an immutable folder. The asset will be ignored.
GUID [61d491d99e9292c4a81d7d01a74781ea] for asset 'Packages/com.unity.ugui/Runtime/UGUI/UI/Core/Navigation.cs' conflicts with:
  'Assets/ValidationUGUI/Runtime/UGUI/UI/Core/Navigation.cs' (current owner)
We can't assign a new GUID because the asset is in an immutable folder. The asset will be ignored.
GUID [1344c3c82d62a2a41a3576d8abb8e3ea] for asset 'Packages/com.unity.ugui/Runtime/UGUI/UI/Core/RawImage.cs' conflicts with:
  'Assets/ValidationUGUI/Runtime/UGUI/UI/Core/RawImage.cs' (current owner)
We can't assign a new GUID because the asset is in an immutable folder. The asset will be ignored.
GUID [9353b7d498b954a06ae1228982925d0b] for asset 'Packages/com.unity.ugui/Runtime/UGUI/UI/Core/RaycastReceiver.cs' conflicts with:
  'Assets/ValidationUGUI/Runtime/UGUI/UI/Core/RaycastReceiver.cs' (current owner)
We can't assign a new GUID because the asset is in an immutable folder. The asset will be ignored.
GUID [3312d7739989d2b4e91e6319e9a96d76] for asset 'Packages/com.unity.ugui/Runtime/UGUI/UI/Core/RectMask2D.cs' conflicts with:
  'Assets/ValidationUGUI/Runtime/UGUI/UI/Core/RectMask2D.cs' (current owner)
We can't assign a new GUID because the asset is in an immutable folder. The asset will be ignored.
GUID [2a4db7a114972834c8e4117be1d82ba3] for asset 'Packages/com.unity.ugui/Runtime/UGUI/UI/Core/Scrollbar.cs' conflicts with:
  'Assets/ValidationUGUI/Runtime/UGUI/UI/Core/Scrollbar.cs' (current owner)
We can't assign a new GUID because the asset is in an immutable folder. The asset will be ignored.
GUID [1aa08ab6e0800fa44ae55d278d1423e3] for asset 'Packages/com.unity.ugui/Runtime/UGUI/UI/Core/ScrollRect.cs' conflicts with:
  'Assets/ValidationUGUI/Runtime/UGUI/UI/Core/ScrollRect.cs' (current owner)
We can't assign a new GUID because the asset is in an immutable folder. The asset will be ignored.
GUID [7a98125502f715b4b83cfb77b434e436] for asset 'Packages/com.unity.ugui/Runtime/UGUI/UI/Core/Selectable.cs' conflicts with:
  'Assets/ValidationUGUI/Runtime/UGUI/UI/Core/Selectable.cs' (current owner)
We can't assign a new GUID because the asset is in an immutable folder. The asset will be ignored.
GUID [b9ba34e0b1884454fbc4257260e22b64] for asset 'Packages/com.unity.ugui/Runtime/UGUI/UI/Core/SetPropertyUtility.cs' conflicts with:
  'Assets/ValidationUGUI/Runtime/UGUI/UI/Core/SetPropertyUtility.cs' (current owner)
We can't assign a new GUID because the asset is in an immutable folder. The asset will be ignored.
GUID [67db9e8f0e2ae9c40bc1e2b64352a6b4] for asset 'Packages/com.unity.ugui/Runtime/UGUI/UI/Core/Slider.cs' conflicts with:
  'Assets/ValidationUGUI/Runtime/UGUI/UI/Core/Slider.cs' (current owner)
We can't assign a new GUID because the asset is in an immutable folder. The asset will be ignored.
GUID [f8ed4321a98682942b9980996131cf26] for asset 'Packages/com.unity.ugui/Runtime/UGUI/UI/Core/SpecializedCollections' conflicts with:
  'Assets/ValidationUGUI/Runtime/UGUI/UI/Core/SpecializedCollections' (current owner)
We can't assign a new GUID because the asset is in an immutable folder. The asset will be ignored.
GUID [a8604e8f13b3be84b8bc0c1507d8f3f6] for asset 'Packages/com.unity.ugui/Runtime/UGUI/UI/Core/SpecializedCollections/IndexedSet.cs' conflicts with:
  'Assets/ValidationUGUI/Runtime/UGUI/UI/Core/SpecializedCollections/IndexedSet.cs' (current owner)
We can't assign a new GUID because the asset is in an immutable folder. The asset will be ignored.
GUID [25b01819c6e1649428db2a9b274cf364] for asset 'Packages/com.unity.ugui/Runtime/UGUI/UI/Core/SpriteState.cs' conflicts with:
  'Assets/ValidationUGUI/Runtime/UGUI/UI/Core/SpriteState.cs' (current owner)
We can't assign a new GUID because the asset is in an immutable folder. The asset will be ignored.
GUID [69ae55f76840b2849ba56cfb53a17df0] for asset 'Packages/com.unity.ugui/Runtime/UGUI/UI/Core/StencilMaterial.cs' conflicts with:
  'Assets/ValidationUGUI/Runtime/UGUI/UI/Core/StencilMaterial.cs' (current owner)
We can't assign a new GUID because the asset is in an immutable folder. The asset will be ignored.
GUID [5f7201a12d95ffc409449d95f23cf332] for asset 'Packages/com.unity.ugui/Runtime/UGUI/UI/Core/Text.cs' conflicts with:
  'Assets/ValidationUGUI/Runtime/UGUI/UI/Core/Text.cs' (current owner)
We can't assign a new GUID because the asset is in an immutable folder. The asset will be ignored.
GUID [9085046f02f69544eb97fd06b6048fe2] for asset 'Packages/com.unity.ugui/Runtime/UGUI/UI/Core/Toggle.cs' conflicts with:
  'Assets/ValidationUGUI/Runtime/UGUI/UI/Core/Toggle.cs' (current owner)
We can't assign a new GUID because the asset is in an immutable folder. The asset will be ignored.
GUID [2fafe2cfe61f6974895a912c3755e8f1] for asset 'Packages/com.unity.ugui/Runtime/UGUI/UI/Core/ToggleGroup.cs' conflicts with:
  'Assets/ValidationUGUI/Runtime/UGUI/UI/Core/ToggleGroup.cs' (current owner)
We can't assign a new GUID because the asset is in an immutable folder. The asset will be ignored.
GUID [d63dd1a776d383248a21ec2a8a6e7868] for asset 'Packages/com.unity.ugui/Runtime/UGUI/UI/Core/Utility' conflicts with:
  'Assets/ValidationUGUI/Runtime/UGUI/UI/Core/Utility' (current owner)
We can't assign a new GUID because the asset is in an immutable folder. The asset will be ignored.
GUID [fcae021c30eccf74790a4e816ba97c19] for asset 'Packages/com.unity.ugui/Runtime/UGUI/UI/Core/Utility/ReflectionMethodsCache.cs' conflicts with:
  'Assets/ValidationUGUI/Runtime/UGUI/UI/Core/Utility/ReflectionMethodsCache.cs' (current owner)
We can't assign a new GUID because the asset is in an immutable folder. The asset will be ignored.
GUID [c459424081436584c8cec10767f9ac38] for asset 'Packages/com.unity.ugui/Runtime/UGUI/UI/Core/Utility/VertexHelper.cs' conflicts with:
  'Assets/ValidationUGUI/Runtime/UGUI/UI/Core/Utility/VertexHelper.cs' (current owner)
We can't assign a new GUID because the asset is in an immutable folder. The asset will be ignored.
GUID [cfa73a847eeff06448bb50a8ac6a94e0] for asset 'Packages/com.unity.ugui/Runtime/UGUI/UI/Core/VertexModifiers' conflicts with:
  'Assets/ValidationUGUI/Runtime/UGUI/UI/Core/VertexModifiers' (current owner)
We can't assign a new GUID because the asset is in an immutable folder. The asset will be ignored.
GUID [718966f960cb50643986195e5fe953ca] for asset 'Packages/com.unity.ugui/Runtime/UGUI/UI/Core/VertexModifiers/BaseMeshEffect.cs' conflicts with:
  'Assets/ValidationUGUI/Runtime/UGUI/UI/Core/VertexModifiers/BaseMeshEffect.cs' (current owner)
We can't assign a new GUID because the asset is in an immutable folder. The asset will be ignored.
GUID [85f3c3a3c2623cd4da1661b0479e2ef2] for asset 'Packages/com.unity.ugui/Runtime/UGUI/UI/Core/VertexModifiers/IMeshModifier.cs' conflicts with:
  'Assets/ValidationUGUI/Runtime/UGUI/UI/Core/VertexModifiers/IMeshModifier.cs' (current owner)
We can't assign a new GUID because the asset is in an immutable folder. The asset will be ignored.
GUID [e19747de3f5aca642ab2be37e372fb86] for asset 'Packages/com.unity.ugui/Runtime/UGUI/UI/Core/VertexModifiers/Outline.cs' conflicts with:
  'Assets/ValidationUGUI/Runtime/UGUI/UI/Core/VertexModifiers/Outline.cs' (current owner)
We can't assign a new GUID because the asset is in an immutable folder. The asset will be ignored.
GUID [020ee4c1798a3d243a4b8cbfee6cac2d] for asset 'Packages/com.unity.ugui/Runtime/UGUI/UI/Core/VertexModifiers/PositionAsUV1.cs' conflicts with:
  'Assets/ValidationUGUI/Runtime/UGUI/UI/Core/VertexModifiers/PositionAsUV1.cs' (current owner)
We can't assign a new GUID because the asset is in an immutable folder. The asset will be ignored.
GUID [cfabb0440166ab443bba8876756fdfa9] for asset 'Packages/com.unity.ugui/Runtime/UGUI/UI/Core/VertexModifiers/Shadow.cs' conflicts with:
  'Assets/ValidationUGUI/Runtime/UGUI/UI/Core/VertexModifiers/Shadow.cs' (current owner)
We can't assign a new GUID because the asset is in an immutable folder. The asset will be ignored.
GUID [2bafac87e7f4b9b418d9448d219b01ab] for asset 'Packages/com.unity.ugui/Runtime/UGUI/UnityEngine.UI.asmdef' conflicts with:
  'Assets/ValidationUGUI/Runtime/UGUI/UnityEngine.UI.asmdef' (current owner)
We can't assign a new GUID because the asset is in an immutable folder. The asset will be ignored.
AcceleratorClientConnectionCallback - disconnected - :0
[ScriptCompilation] Requested script compilation because: Assembly Definition File(s) changed
[ScriptCompilation] Requested script compilation because: AssetDatabase observed changes in script compilation related files
Starting: C:\Program Files\Unity\Hub\Editor\6000.5.9f1\Editor\Data\Tools\BuildPipeline\bee_backend.exe --ipc --defer-dag-verification --dagfile="Library/Bee/1900b0aE.dag" --continue-on-failure --profile="Library/Bee/backend1.traceevents" ScriptAssemblies
WorkingDir: C:/Users/DreamNight/Documents/01My/personal/TowerDefenseUnity/.reports/validation-project
DisplayProgressbar: Compiling Scripts
ExitCode: 4 Duration: 0s434ms
[202/222    0s] CopyFiles Library/ScriptAssemblies/UnityEditor.UI.pdb
[203/222    0s] CopyFiles Library/ScriptAssemblies/UnityEngine.UI.dll
[204/222    0s] CopyFiles Library/ScriptAssemblies/UnityEditor.UI.dll
[207/222    0s] CopyFiles Library/ScriptAssemblies/Unity.InternalAPIEngineBridge.004.pdb
[208/222    0s] CopyFiles Library/ScriptAssemblies/Unity.InternalAPIEngineBridge.004.dll
[209/222    0s] CopyFiles Library/ScriptAssemblies/UnityEngine.UI.pdb
[210/222    0s] CopyFiles Library/ScriptAssemblies/Unity.TextMeshPro.pdb
[211/222    0s] CopyFiles Library/ScriptAssemblies/Unity.TextMeshPro.dll
[212/222    0s] CopyFiles Library/ScriptAssemblies/UnityEditor.UI.Analytics.dll
[213/222    0s] CopyFiles Library/ScriptAssemblies/UnityEditor.UI.Analytics.pdb
[214/222    0s] CopyFiles Library/ScriptAssemblies/Unity.TextMeshPro.Editor.dll
[215/222    0s] CopyFiles Library/ScriptAssemblies/Unity.TextMeshPro.Editor.pdb
Rebuilding DAG because FileSignature timestamp changed: Library/Bee/1900b0aE-inputdata.json
[216/222    0s] Csc Library/Bee/artifacts/1900b0aE.dag/Assembly-CSharp.dll (+2 others)
Assets\Scripts\Effects\BattleMusic.cs(33,17): warning CS0618: 'Object.FindFirstObjectByType<T>()' is obsolete: 'FindFirstObjectByType has been deprecated because it relies on instance ID ordering. Use FindAnyObjectByType instead, which does not depend on ordering.'

Assets\Scripts\Effects\BattleMusic.cs(38,25): warning CS0618: 'Object.FindFirstObjectByType<T>()' is obsolete: 'FindFirstObjectByType has been deprecated because it relies on instance ID ordering. Use FindAnyObjectByType instead, which does not depend on ordering.'

Assets\Scripts\Util\SpriteFactory.cs(179,19): warning CS0219: The variable 'half' is assigned but its value is never used
*** Tundra requires additional run (0.40 seconds), 13 items updated, 215 evaluated
Starting: C:\Program Files\Unity\Hub\Editor\6000.5.9f1\Editor\Data\netcorerun\netcorerun.exe "C:\Program Files\Unity\Hub\Editor\6000.5.9f1\Editor\Data\Tools\BuildPipeline\ScriptCompilationBuildProgram.exe" "Library/Bee/1900b0aE.dag.json" "Library/Bee/1900b0aE-inputdata.json" "Library\Bee\buildprogram0.traceevents"
WorkingDir: C:/Users/DreamNight/Documents/01My/personal/TowerDefenseUnity/.reports/validation-project
ExitCode: 0 Duration: 1s39ms
Starting: C:\Program Files\Unity\Hub\Editor\6000.5.9f1\Editor\Data\Tools\BuildPipeline\bee_backend.exe --ipc --defer-dag-verification --dagfile="Library/Bee/1900b0aE.dag" --continue-on-failure --dagfilejson="Library\Bee\1900b0aE.dag.json" --profile="Library/Bee/backend2.traceevents" ScriptAssemblies
WorkingDir: C:/Users/DreamNight/Documents/01My/personal/TowerDefenseUnity/.reports/validation-project
ExitCode: 0 Duration: 2s634ms
Finished compiling graph: 225 nodes, 1741 flattened edges (1647 ToBuild, 16 ToUse), maximum node priority 108
[175/222    0s] WriteText Library/Bee/artifacts/1900b0aE.dag/UnityEditor.UI.rsp
[176/222    0s] WriteText Library/Bee/artifacts/1900b0aE.dag/Assembly-CSharp.rsp
[177/222    0s] WriteText Library/Bee/artifacts/1900b0aE.dag/UnityEngine.UI.dll.mvfrm.rsp
[178/222    0s] WriteText Library/Bee/artifacts/1900b0aE.dag/UnityEngine.UI.rsp
[179/222    0s] WriteText Library/Bee/artifacts/1900b0aE.dag/Unity.TextMeshPro.dll.mvfrm.rsp
[180/222    0s] WriteText Library/Bee/artifacts/1900b0aE.dag/Assembly-CSharp.dll.mvfrm.rsp
[181/222    0s] WriteText Library/Bee/artifacts/1900b0aE.dag/Unity.InternalAPIEngineBridge.004.rsp
[182/222    0s] WriteText Library/Bee/artifacts/1900b0aE.dag/Unity.TextMeshPro.rsp
[183/222    0s] WriteText Library/Bee/artifacts/1900b0aE.dag/Unity.InternalAPIEngineBridge.004.dll.mvfrm.rsp
[184/222    0s] MovedFromExtractor-Combine Library/Bee/artifacts/1900b0aE.dag/UnityEngine.UI.dll.mvfrm
[185/222    0s] Csc Library/Bee/artifacts/1900b0aE.dag/UnityEngine.UI.dll (+2 others)
[186/222    0s] CopyFiles Library/ScriptAssemblies/UnityEngine.UI.pdb
[187/222    0s] CopyFiles Library/ScriptAssemblies/UnityEngine.UI.dll
[188/222    0s] MovedFromExtractor Library/Bee/artifacts/mvdfrm/UnityEngine.UI.ref.dll_08FEAA520A2EFD60.mvfrm
[189/222    0s] MovedFromExtractor-Combine Library/Bee/artifacts/1900b0aE.dag/UnityEditor.UI.dll.mvfrm
[190/222    0s] Csc Library/Bee/artifacts/1900b0aE.dag/UnityEditor.UI.dll (+2 others)
[192/222    0s] CopyFiles Library/ScriptAssemblies/UnityEditor.UI.pdb
[193/222    0s] MovedFromExtractor-Combine Library/Bee/artifacts/1900b0aE.dag/Unity.InternalAPIEngineBridge.004.dll.mvfrm
[194/222    0s] CopyFiles Library/ScriptAssemblies/UnityEditor.UI.dll
[195/222    0s] Csc Library/Bee/artifacts/1900b0aE.dag/Unity.InternalAPIEngineBridge.004.dll (+2 others)
[197/222    0s] CopyFiles Library/ScriptAssemblies/Unity.InternalAPIEngineBridge.004.dll
[198/222    0s] CopyFiles Library/ScriptAssemblies/Unity.InternalAPIEngineBridge.004.pdb
[199/222    0s] MovedFromExtractor-Combine Library/Bee/artifacts/1900b0aE.dag/Unity.TextMeshPro.dll.mvfrm
[200/222    0s] Csc Library/Bee/artifacts/1900b0aE.dag/Unity.TextMeshPro.dll (+2 others)
[202/222    0s] CopyFiles Library/ScriptAssemblies/Unity.TextMeshPro.pdb
[203/222    0s] CopyFiles Library/ScriptAssemblies/Unity.TextMeshPro.dll
[204/222    0s] MovedFromExtractor-Combine Library/Bee/artifacts/1900b0aE.dag/UnityEditor.UI.Analytics.dll.mvfrm
[205/222    0s] MovedFromExtractor-Combine Library/Bee/artifacts/1900b0aE.dag/Unity.TextMeshPro.Editor.dll.mvfrm
[206/222    0s] Csc Library/Bee/artifacts/1900b0aE.dag/UnityEditor.UI.Analytics.dll (+2 others)
[208/222    0s] CopyFiles Library/ScriptAssemblies/UnityEditor.UI.Analytics.pdb
[209/222    0s] CopyFiles Library/ScriptAssemblies/UnityEditor.UI.Analytics.dll
[210/222    0s] Csc Library/Bee/artifacts/1900b0aE.dag/Unity.TextMeshPro.Editor.dll (+2 others)
[212/222    0s] CopyFiles Library/ScriptAssemblies/Unity.TextMeshPro.Editor.pdb
[213/222    0s] MovedFromExtractor-Combine Library/Bee/artifacts/1900b0aE.dag/Assembly-CSharp.dll.mvfrm
[214/222    0s] MovedFromExtractor-Combine Library/Bee/artifacts/1900b0aE.dag/Assembly-CSharp-Editor.dll.mvfrm
[215/222    0s] CopyFiles Library/ScriptAssemblies/Unity.TextMeshPro.Editor.dll
[216/222    0s] Csc Library/Bee/artifacts/1900b0aE.dag/Assembly-CSharp.dll (+2 others)
Assets\Scripts\Effects\BattleMusic.cs(33,17): warning CS0618: 'Object.FindFirstObjectByType<T>()' is obsolete: 'FindFirstObjectByType has been deprecated because it relies on instance ID ordering. Use FindAnyObjectByType instead, which does not depend on ordering.'

Assets\Scripts\Effects\BattleMusic.cs(38,25): warning CS0618: 'Object.FindFirstObjectByType<T>()' is obsolete: 'FindFirstObjectByType has been deprecated because it relies on instance ID ordering. Use FindAnyObjectByType instead, which does not depend on ordering.'

Assets\Scripts\Util\SpriteFactory.cs(179,19): warning CS0219: The variable 'half' is assigned but its value is never used
[217/222    0s] CopyFiles Library/ScriptAssemblies/Assembly-CSharp.pdb
[218/222    0s] CopyFiles Library/ScriptAssemblies/Assembly-CSharp.dll
[219/222    0s] Csc Library/Bee/artifacts/1900b0aE.dag/Assembly-CSharp-Editor.dll (+2 others)
Assets\Editor\BattleUiPlayVerification.cs(35,22): warning CS0618: 'Object.FindFirstObjectByType<T>()' is obsolete: 'FindFirstObjectByType has been deprecated because it relies on instance ID ordering. Use FindAnyObjectByType instead, which does not depend on ordering.'

Assets\Editor\MenuFlowVerification.cs(53,20): warning CS0618: 'Object.FindFirstObjectByType<T>()' is obsolete: 'FindFirstObjectByType has been deprecated because it relies on instance ID ordering. Use FindAnyObjectByType instead, which does not depend on ordering.'

Assets\Editor\MenuFlowVerification.cs(88,18): warning CS0618: 'Object.FindFirstObjectByType<T>()' is obsolete: 'FindFirstObjectByType has been deprecated because it relies on instance ID ordering. Use FindAnyObjectByType instead, which does not depend on ordering.'
[220/222    0s] CopyFiles Library/ScriptAssemblies/Assembly-CSharp-Editor.pdb
[221/222    0s] CopyFiles Library/ScriptAssemblies/Assembly-CSharp-Editor.dll
*** Tundra build success (2.61 seconds), 42 items updated, 222 evaluated
Assets\Scripts\Effects\BattleMusic.cs(33,17): warning CS0618: 'Object.FindFirstObjectByType<T>()' is obsolete: 'FindFirstObjectByType has been deprecated because it relies on instance ID ordering. Use FindAnyObjectByType instead, which does not depend on ordering.'
Assets\Scripts\Effects\BattleMusic.cs(38,25): warning CS0618: 'Object.FindFirstObjectByType<T>()' is obsolete: 'FindFirstObjectByType has been deprecated because it relies on instance ID ordering. Use FindAnyObjectByType instead, which does not depend on ordering.'
Assets\Scripts\Util\SpriteFactory.cs(179,19): warning CS0219: The variable 'half' is assigned but its value is never used
Assets\Scripts\Effects\BattleMusic.cs(33,17): warning CS0618: 'Object.FindFirstObjectByType<T>()' is obsolete: 'FindFirstObjectByType has been deprecated because it relies on instance ID ordering. Use FindAnyObjectByType instead, which does not depend on ordering.'
Assets\Scripts\Effects\BattleMusic.cs(38,25): warning CS0618: 'Object.FindFirstObjectByType<T>()' is obsolete: 'FindFirstObjectByType has been deprecated because it relies on instance ID ordering. Use FindAnyObjectByType instead, which does not depend on ordering.'
Assets\Scripts\Util\SpriteFactory.cs(179,19): warning CS0219: The variable 'half' is assigned but its value is never used
Assets\Editor\BattleUiPlayVerification.cs(35,22): warning CS0618: 'Object.FindFirstObjectByType<T>()' is obsolete: 'FindFirstObjectByType has been deprecated because it relies on instance ID ordering. Use FindAnyObjectByType instead, which does not depend on ordering.'
Assets\Editor\MenuFlowVerification.cs(53,20): warning CS0618: 'Object.FindFirstObjectByType<T>()' is obsolete: 'FindFirstObjectByType has been deprecated because it relies on instance ID ordering. Use FindAnyObjectByType instead, which does not depend on ordering.'
Assets\Editor\MenuFlowVerification.cs(88,18): warning CS0618: 'Object.FindFirstObjectByType<T>()' is obsolete: 'FindFirstObjectByType has been deprecated because it relies on instance ID ordering. Use FindAnyObjectByType instead, which does not depend on ordering.'
Total cache size 2011508
Total cache size after purge 2011508, took 00:00:00.0136002
AssetDatabase: script compilation time: 5.010351s
Begin MonoManager ReloadAssembly
Importing 'GUID: 00000000000000004000000000000000 - Path: ProjectSettings/ProjectSettings.asset' with importer (LibraryAssetImporter)
Imported 'GUID: 00000000000000004000000000000000' -> (Import Result ID: 'a6420347749cdb9f9c78c7633ed40f3d') in 0.018 seconds [static dependencies only]. Details - ImportResultOutputID=276a810dac73e1f29404d5e5f692e214 DependenciesID=84fb4710bd59572698650fa25c26312a StaticDependenciesID=b1ba97454740e3f48f1794ec8c29b24b 
Importing 'GUID: c060426bfd6e82575228df6656368eaa - Path: Packages/com.unity.modules.imgui' with importer (DefaultImporter)
Imported 'GUID: c060426bfd6e82575228df6656368eaa' -> (Import Result ID: 'cf02847ceec7d2872cfd3abefa14549b') in 0.002 seconds [static dependencies only]. Details - ImportResultOutputID=dcc23da4b16b268ee6e83200b7ebb805 DependenciesID=2086ddccde2e6fbd24cff6207f712388 StaticDependenciesID=dcfbfa33c460c8bce2fbeaa89284fa4b 
Importing 'GUID: 1158e311a3101950348dcecb1bebc42d - Path: Packages/com.unity.modules.animation' with importer (DefaultImporter)
Imported 'GUID: 1158e311a3101950348dcecb1bebc42d' -> (Import Result ID: 'e37b81a46bcef9cbe7d6da2c7722799c') in 0.002 seconds [static dependencies only]. Details - ImportResultOutputID=7f760e80e4376f4e2af6163c51483957 DependenciesID=33f806035b03395b7cd71586c052efa7 StaticDependenciesID=d58e4e925b4477ec3fc56266dda92cb7 
Importing 'GUID: b219c86ce508e478367c0a46e1aa9fe4 - Path: Packages/com.unity.modules.assetbundle' with importer (DefaultImporter)
Imported 'GUID: b219c86ce508e478367c0a46e1aa9fe4' -> (Import Result ID: 'e407681b1bca06d4ee80ffd67027d990') in 0.002 seconds [static dependencies only]. Details - ImportResultOutputID=89494b4b6b631d330268aeb9dacd9e16 DependenciesID=49321cd40391b47dca923c46a0b51cd4 StaticDependenciesID=f0921b01574508825a731309420aac3e 
Importing 'GUID: 5469ef0820152a4ae45d400fdc4626e4 - Path: Packages/com.unity.modules.screencapture' with importer (DefaultImporter)
Imported 'GUID: 5469ef0820152a4ae45d400fdc4626e4' -> (Import Result ID: '1e9d2faeef0c157dc048cd69028c8f55') in 0.002 seconds [static dependencies only]. Details - ImportResultOutputID=883c2ddc1cc8ab47552769d7d10ec20e DependenciesID=e8d1b1ac77d92bb2a277bde4b7864921 StaticDependenciesID=2d36e1f7d4053f2b93ff7495a5c1dde9 
Importing 'GUID: 850c54ee0b9e1aa740b1c67792eb1f26 - Path: Packages/com.unity.modules.imageconversion' with importer (DefaultImporter)
Imported 'GUID: 850c54ee0b9e1aa740b1c67792eb1f26' -> (Import Result ID: '2973994bee36aa97d9443168268f47e9') in 0.002 seconds [static dependencies only]. Details - ImportResultOutputID=5e29084e34474b819d3f42b6f87fa2f1 DependenciesID=d080164e34df1d295815550b352c546e StaticDependenciesID=ead3b0fca67d215d683803a221eebd27 
Importing 'GUID: c522a644a29fcab2eaf63298c118a65b - Path: Packages/com.unity.modules.unitywebrequest' with importer (DefaultImporter)
Imported 'GUID: c522a644a29fcab2eaf63298c118a65b' -> (Import Result ID: '6f13bdefcd37409ac301686699b63ea3') in 0.002 seconds [static dependencies only]. Details - ImportResultOutputID=bd84e5c0828c0c958fda12361a6931c4 DependenciesID=b06d11930b7a96881eb3a24d68d1c685 StaticDependenciesID=7c352e29047f83b2302c120040a82237 
Importing 'GUID: d5f0b0adc6826e9dd3b72e292e8438be - Path: Packages/com.unity.modules.unitywebrequestassetbundle' with importer (DefaultImporter)
Imported 'GUID: d5f0b0adc6826e9dd3b72e292e8438be' -> (Import Result ID: 'ccae98511501a3691a4f28c9305395d0') in 0.002 seconds [static dependencies only]. Details - ImportResultOutputID=28545450f0f8fe7184e75065d2eaebce DependenciesID=40d41d9cefabd5f5eb8b5cfd4ef24fd9 StaticDependenciesID=d6e47b92f5e066bd6d04c17b2d205096 
Importing 'GUID: d6db7caf2e852b75ebb9c6098418179c - Path: Packages/com.unity.modules.physics' with importer (DefaultImporter)
Imported 'GUID: d6db7caf2e852b75ebb9c6098418179c' -> (Import Result ID: '17efe42b4d253215f7ce1c4062aa0c38') in 0.002 seconds [static dependencies only]. Details - ImportResultOutputID=ca9e398e0fe23d8852b03b4ef733b883 DependenciesID=e2c39f0a5de8ad2594cb338b7658e6b8 StaticDependenciesID=c62fb84fdcd1e94d00277c1c40c3739f 
Importing 'GUID: 376c84ea405e0f2b80562c23bb977216 - Path: Packages/com.unity.modules.physics2d' with importer (DefaultImporter)
Imported 'GUID: 376c84ea405e0f2b80562c23bb977216' -> (Import Result ID: 'e16f02c29d3dea367ecb900153c73915') in 0.002 seconds [static dependencies only]. Details - ImportResultOutputID=3c523e0fa92287aeca10533038c4ad8c DependenciesID=6bb4f8083248eac4b0dc6f99b652bbce StaticDependenciesID=f9ac984a12928ed37980ddae896e5092 
Importing 'GUID: 2808ba6bccb2478ec9c7209d8bf1f3cc - Path: Packages/com.unity.modules.uielements' with importer (DefaultImporter)
Imported 'GUID: 2808ba6bccb2478ec9c7209d8bf1f3cc' -> (Import Result ID: '5e5dfe08c6a00c900cfe4fcfce3b78a1') in 0.002 seconds [static dependencies only]. Details - ImportResultOutputID=43ac9c1bd0c2e88ddb17cc3ac3d457f4 DependenciesID=6331dea1aa9bb31237c64de3af52db43 StaticDependenciesID=59202ada8d9ed2d8790f39d1af247fa9 
Importing 'GUID: 38e3a8976f0b9c586b6dfbcef4e4066c - Path: Packages/com.unity.modules.unitywebrequestaudio' with importer (DefaultImporter)
Imported 'GUID: 38e3a8976f0b9c586b6dfbcef4e4066c' -> (Import Result ID: 'c54f3cdcd0a0a53c728a8f6a4bf8e805') in 0.002 seconds [static dependencies only]. Details - ImportResultOutputID=fa5586dfb87647a6c685707600b86782 DependenciesID=d3b8e77c9c0813b337d35585e0cd8dac StaticDependenciesID=48a2720e21e8eb8eca255939c5f3eb1d 
Importing 'GUID: 48b10b41f58d5b49717f376cda59eeb8 - Path: Packages/com.unity.modules.particlesystem' with importer (DefaultImporter)
Imported 'GUID: 48b10b41f58d5b49717f376cda59eeb8' -> (Import Result ID: '2ca99f43dcc60f64cbde6b09dd836276') in 0.002 seconds [static dependencies only]. Details - ImportResultOutputID=bbc465d3d6faacd80c5d2d6b9e298635 DependenciesID=c5895581a6d08af4451e2d20e825f0d5 StaticDependenciesID=81558f2015053653d61c0994543e82b3 
Importing 'GUID: 39728903e57c60021f80449a8bbc0096 - Path: Packages/com.unity.modules.ui' with importer (DefaultImporter)
Imported 'GUID: 39728903e57c60021f80449a8bbc0096' -> (Import Result ID: 'aafd74a4e55e642d1ea0f795f6444b28') in 0.002 seconds [static dependencies only]. Details - ImportResultOutputID=d7a4a57fb3c24edd8687328a72cff587 DependenciesID=5ad4483b2dacaca3bc3cdbfd4283033a StaticDependenciesID=6f9d30d0da8c720154437b2dbfc538a9 
Importing 'GUID: 6b81377a4453ba7362eb3322f9bcc6c6 - Path: Packages/com.unity.modules.hierarchycore' with importer (DefaultImporter)
Imported 'GUID: 6b81377a4453ba7362eb3322f9bcc6c6' -> (Import Result ID: 'd64e3c92d05cb8ab57cf9c34e8c0ee27') in 0.002 seconds [static dependencies only]. Details - ImportResultOutputID=75a6fa83ac96f5339da373cd4f5c6e37 DependenciesID=6193b8beab5ea5a327f9266eedb6d024 StaticDependenciesID=ffdda4d53d222e5716e68e647a732ae5 
Importing 'GUID: cbd3b5c6b2b01cacd78dd238ffcb662c - Path: Packages/com.unity.ugui' with importer (DefaultImporter)
Imported 'GUID: cbd3b5c6b2b01cacd78dd238ffcb662c' -> (Import Result ID: '27a916328ad5776612bc2ae58c9d79f3') in 0.002 seconds [static dependencies only]. Details - ImportResultOutputID=c72767b5d01fb09af993783f5c2a7f5b DependenciesID=64a77df92b6cdeeb9e3f89943517bf4c StaticDependenciesID=b8af7f449ccd4c41da90aa6ba3e0c8c2 
Importing 'GUID: dcc8c6e92b172a65719af5ddf47dd968 - Path: Packages/com.unity.modules.unitywebrequestwww' with importer (DefaultImporter)
Imported 'GUID: dcc8c6e92b172a65719af5ddf47dd968' -> (Import Result ID: 'a3ca17c250abe56342bc7797897bf6a5') in 0.002 seconds [static dependencies only]. Details - ImportResultOutputID=1475fc509da6d933479c8ee5d6c4eeff DependenciesID=1ec5b0b7427f7eeba4f1c41dd9bc4cfe StaticDependenciesID=00265576cf1e789283eaa13f6ba70983 
Importing 'GUID: fc3a810351931f5e6183e16b9beb5563 - Path: Packages/com.unity.modules.jsonserialize' with importer (DefaultImporter)
Imported 'GUID: fc3a810351931f5e6183e16b9beb5563' -> (Import Result ID: 'f04351d90ee6b1c15aa201371d89b674') in 0.002 seconds [static dependencies only]. Details - ImportResultOutputID=65186f4186bf0f33d3946d1d6d75958c DependenciesID=fbc4bd1e3869dc653079edeac718e537 StaticDependenciesID=c1a4d4946c0840cd0516fcb984a36b78 
Importing 'GUID: 2d142b475fbfb8cf12ba3a795194300a - Path: Packages/com.unity.modules.director' with importer (DefaultImporter)
Imported 'GUID: 2d142b475fbfb8cf12ba3a795194300a' -> (Import Result ID: 'f82206d58857516a2f7d10df0de25ca9') in 0.002 seconds [static dependencies only]. Details - ImportResultOutputID=ba08ff1508e195419df3d8b0ff8d3bd4 DependenciesID=cb7a2942f5dee664122b699c70fb1a1e StaticDependenciesID=e5174e6782a309cc2e662ba686aba5d3 
Importing 'GUID: 2d6ba5cbe47e6ad3c87474c56174d4e0 - Path: Packages/com.unity.modules.audio' with importer (DefaultImporter)
Imported 'GUID: 2d6ba5cbe47e6ad3c87474c56174d4e0' -> (Import Result ID: '3234866a3fa377a9f9a0ce8dd981be90') in 0.002 seconds [static dependencies only]. Details - ImportResultOutputID=8643a11ddcb415e1ae77356bdcd0e31f DependenciesID=3297e30e726f0a1e5ba9c81d00653637 StaticDependenciesID=0c545176e25f7b531d70d9899c8b8ef9 
Importing 'GUID: ede0462698a4a5643aa9872c074acd38 - Path: Packages/com.unity.modules.video' with importer (DefaultImporter)
Imported 'GUID: ede0462698a4a5643aa9872c074acd38' -> (Import Result ID: '4a9e59f79bcbaddc73d6ed9b1cb022ad') in 0.002 seconds [static dependencies only]. Details - ImportResultOutputID=f060305cf9a7601b6327f110dec53cf0 DependenciesID=2eb252c728b0513f8a06cb80138758c9 StaticDependenciesID=9adc8e4bff2d24a6cd335db28a76c689 
Importing 'GUID: 5e22a8d6e557a1b3cae09054b0b5f9d8 - Path: Packages/com.unity.modules.physicscore2d' with importer (DefaultImporter)
Imported 'GUID: 5e22a8d6e557a1b3cae09054b0b5f9d8' -> (Import Result ID: 'e0e8f312b2fe13782c9caa272b2c9c39') in 0.002 seconds [static dependencies only]. Details - ImportResultOutputID=8aeec98806d48c587b06189bc919a668 DependenciesID=32fd957f9eeccda095201a26672be198 StaticDependenciesID=7ff60e0e23b48986f2028c36c5321a4f 
Importing 'GUID: 6f1c7ebc8ac78cb951be24c238cbd3ba - Path: Packages/com.unity.modules.unitywebrequesttexture' with importer (DefaultImporter)
Imported 'GUID: 6f1c7ebc8ac78cb951be24c238cbd3ba' -> (Import Result ID: 'dc5a6902bac92eaeb7da79a7ee7c0445') in 0.002 seconds [static dependencies only]. Details - ImportResultOutputID=f756e1201c1cee903471ba41f17534ce DependenciesID=9c3425c6cf7e4c1387cd8661023d2522 StaticDependenciesID=baf7643e8208e171f7d2f4245768752b 
Importing 'GUID: d1a0a27327b54c3bac52a08929c33f81 - Path: Packages/com.unity.ugui/Editor Resources' with importer (DefaultImporter)
Imported 'GUID: d1a0a27327b54c3bac52a08929c33f81' -> (Import Result ID: 'c8594df9513a5d315bedbe6a279cbb67') in 0.003 seconds [static dependencies only]. Details - ImportResultOutputID=695664e202fc795a75462811fbd33121 DependenciesID=7dc300761164794dffe273ba2100a826 StaticDependenciesID=7ea3273ac4b7c5d6b29f4d7e252f84e3 
Importing 'GUID: d850db319a63d2546932ff76fe55a498 - Path: Packages/com.unity.ugui/Tests' with importer (DefaultImporter)
Imported 'GUID: d850db319a63d2546932ff76fe55a498' -> (Import Result ID: '24fbd7bf45f5cf5d9407164e20e7cc95') in 0.002 seconds [static dependencies only]. Details - ImportResultOutputID=abceecebbc57ab2f2a42971575985de8 DependenciesID=9bd6f7c16c68b8435916b31a6632f172 StaticDependenciesID=38b6693519d5119b672b7d854b395148 
Importing 'GUID: aa14b70e6a58c5b4fa6663623e3dca91 - Path: Packages/com.unity.ugui/Runtime' with importer (DefaultImporter)
Imported 'GUID: aa14b70e6a58c5b4fa6663623e3dca91' -> (Import Result ID: '8428c6c5266f7742a3f2fe55c2b4a334') in 0.002 seconds [static dependencies only]. Details - ImportResultOutputID=edf2cf7cc75f9be7b59d1670d0b363e4 DependenciesID=056fd7b55a5b78cdef62c10253bb8684 StaticDependenciesID=1f81a0b04c93f0d55246fe6de435717f 
Importing 'GUID: 5ec95f4d5b2d1f14e9ff8682562553f9 - Path: Packages/com.unity.ugui/Package Resources' with importer (DefaultImporter)
Imported 'GUID: 5ec95f4d5b2d1f14e9ff8682562553f9' -> (Import Result ID: '2c4f790782f0dee2152bbd8316b38539') in 0.002 seconds [static dependencies only]. Details - ImportResultOutputID=37d5f8fa3807d672ce79f5e231dfd943 DependenciesID=e26e49837d4ba5874f07a386d0030930 StaticDependenciesID=5d5ba411eb5334c77509fd23ab213a01 
Importing 'GUID: bee384ad5b4d1a843a018082e7db53cd - Path: Packages/com.unity.ugui/Editor' with importer (DefaultImporter)
Imported 'GUID: bee384ad5b4d1a843a018082e7db53cd' -> (Import Result ID: 'c60ec454c7da2e9991bf58686821666c') in 0.002 seconds [static dependencies only]. Details - ImportResultOutputID=42520d36d104454aa16867d8198eb466 DependenciesID=bae207ee02f7432fba538123cb6c2440 StaticDependenciesID=d53a19a9a2f0585bb461cd60db8116f7 
Importing 'GUID: 936bea4b2545c4a4fad2e623b0f6371f - Path: Packages/com.unity.ugui/Tests/Editor' with importer (DefaultImporter)
Imported 'GUID: 936bea4b2545c4a4fad2e623b0f6371f' -> (Import Result ID: '489a415b65543260db8816a2405f4e13') in 0.001 seconds [static dependencies only]. Details - ImportResultOutputID=6e7dd9e2a1aa209ff560d6a592335c7c DependenciesID=96876c122ea12289e5e0c1336f87f38a StaticDependenciesID=00ae24ed86af455e34712638ec067ccb 
Importing 'GUID: c545241cf2e56ec4997d7677f01ef43d - Path: Packages/com.unity.ugui/Tests/Runtime' with importer (DefaultImporter)
Imported 'GUID: c545241cf2e56ec4997d7677f01ef43d' -> (Import Result ID: '4b7a46e9e596a421617e46154b84b315') in 0.001 seconds [static dependencies only]. Details - ImportResultOutputID=23714be275632e43abe8c1d7b3185e3f DependenciesID=6f01f94e4e627b8fd790d2b830445c21 StaticDependenciesID=2330112c48250f877137c194ed6c2987 
Importing 'GUID: f8e6a2d47aba4c6c9b3c5a72d9f48da5 - Path: Packages/com.unity.ugui/Editor Resources/Textures' with importer (DefaultImporter)
Imported 'GUID: f8e6a2d47aba4c6c9b3c5a72d9f48da5' -> (Import Result ID: '52d9ab64b9a3f22a5ea240dfdf324a7c') in 0.002 seconds [static dependencies only]. Details - ImportResultOutputID=8cf7045d5f9dd1aae7326268b1ec842f DependenciesID=36fa6da8cf08cd3160341693e05f43c7 StaticDependenciesID=1d6448a96cd7fb81b60cff7cfdbb610f 
Importing 'GUID: e93ec7eb6de342aabd156833e253f838 - Path: Packages/com.unity.ugui/Editor Resources/Gizmos' with importer (DefaultImporter)
Imported 'GUID: e93ec7eb6de342aabd156833e253f838' -> (Import Result ID: 'a825ea787b94e1a5aad4839e56fd9275') in 0.002 seconds [static dependencies only]. Details - ImportResultOutputID=743817b4d4f54461c188b303660a9ff3 DependenciesID=9dc64382e6298cecf715a1d520f0895f StaticDependenciesID=889636ac9c73449dd87eb57f6e0cae09 
Importing 'GUID: 2da27f5fe80a3a549ac7331d9f52f5f0 - Path: Packages/com.unity.ugui/Editor Resources/Shaders' with importer (DefaultImporter)
Imported 'GUID: 2da27f5fe80a3a549ac7331d9f52f5f0' -> (Import Result ID: 'f3ae55d11bc2bf7631c36ed2dfeab4ac') in 0.002 seconds [static dependencies only]. Details - ImportResultOutputID=c5ee6abea7cc760dbb172bf171dd2a5a DependenciesID=eb224ceb427fcbbd494162630dbd7db6 StaticDependenciesID=fc4539bc273b607a15ebd20d93ae802c 
Importing 'GUID: 914613548ded44a43a59eb9852503f18 - Path: Packages/com.unity.ugui/Tests/Runtime/TMP' with importer (DefaultImporter)
Imported 'GUID: 914613548ded44a43a59eb9852503f18' -> (Import Result ID: 'ab4eb136a67929844ae678c0056a7e0d') in 0.002 seconds [static dependencies only]. Details - ImportResultOutputID=b500f95098bd8afbc140ba73b7eb0a49 DependenciesID=ceb46fe92538201783cbe7f7ec6c26b8 StaticDependenciesID=ef8f54fc47ae79c233e1da19053fc0ff 
Importing 'GUID: 53caebc5909234b4ebe1fcaf3dc913a5 - Path: Packages/com.unity.ugui/Tests/Runtime/UGUI' with importer (DefaultImporter)
Imported 'GUID: 53caebc5909234b4ebe1fcaf3dc913a5' -> (Import Result ID: 'c5a38f6efe47a9180c9ed0b3265e6686') in 0.002 seconds [static dependencies only]. Details - ImportResultOutputID=95ad371b8cdb9a294da03dc87e76abaf DependenciesID=355a254e9fdaad40d70546ab11032fd5 StaticDependenciesID=58aee7bc5c02ad394f86c10b00d0e208 
Importing 'GUID: fae3ac1997e164d1eba5fa5c417cbefd - Path: Packages/com.unity.ugui/Tests/Editor/UGUI' with importer (DefaultImporter)
Imported 'GUID: fae3ac1997e164d1eba5fa5c417cbefd' -> (Import Result ID: 'cd79e88f7b82f6782b41ecdcf235bc06') in 0.001 seconds [static dependencies only]. Details - ImportResultOutputID=f15c9f61e52059636fa1bfea359a8585 DependenciesID=d0a13936bbe379d43d45a784db7f2343 StaticDependenciesID=03872b4617e4955335d3f209f3f4ef90 
Importing 'GUID: 3ddaad49a7bcb4087b403f2225d54840 - Path: Packages/com.unity.ugui/Tests/Editor/TMP' with importer (DefaultImporter)
Imported 'GUID: 3ddaad49a7bcb4087b403f2225d54840' -> (Import Result ID: 'c14c32389c7eee264ed1a9b95d861196') in 0.001 seconds [static dependencies only]. Details - ImportResultOutputID=e22ab0a25656273b62edba6142a39ddb DependenciesID=042d83283db6157290b78b72214f3988 StaticDependenciesID=4a01e5b8c512b1ad6c754c37cbb8f64f 
Importing 'GUID: cd9c8fc1c8d64d54ab1e22aae9678d84 - Path: Packages/com.unity.ugui/Tests/Editor/Common' with importer (DefaultImporter)
Imported 'GUID: cd9c8fc1c8d64d54ab1e22aae9678d84' -> (Import Result ID: 'd92b8171eb135618ba7f86520cfb2c4a') in 0.002 seconds [static dependencies only]. Details - ImportResultOutputID=ee82f341fd2cc14f6f5c118dd6183bd9 DependenciesID=27f132da0c8d316c7a69577343d20dbd StaticDependenciesID=6d44b6f5ff007c3e17f5e1ac087b28ad 
Importing 'GUID: 1091bc2ad06e3234aac2b2fa2841c09d - Path: Packages/com.unity.ugui/Tests/Runtime/UGUI/Image' with importer (DefaultImporter)
Imported 'GUID: 1091bc2ad06e3234aac2b2fa2841c09d' -> (Import Result ID: '08bae953346677639932e5edcd6f89a3') in 0.002 seconds [static dependencies only]. Details - ImportResultOutputID=ab87c4a4643da9977eacf38a9ec170a3 DependenciesID=2ce2755a3f148f8c7c7432128364a189 StaticDependenciesID=2c7054851c1f7157b40ecf9b6366e3be 
Importing 'GUID: 305ca32be1aa5504aa182f583895dfe4 - Path: Packages/com.unity.ugui/Tests/Editor/UGUI/RectMask2D' with importer (DefaultImporter)
Imported 'GUID: 305ca32be1aa5504aa182f583895dfe4' -> (Import Result ID: '1faf2ac7c544da2665f6121f6a818630') in 0.002 seconds [static dependencies only]. Details - ImportResultOutputID=178aea4244a57395a1fc2ea9c0b74bc4 DependenciesID=294119334e8305f2caccfdfa6ffabdc2 StaticDependenciesID=f88826a7684d07fcb973a2eebabca0e5 
Importing 'GUID: c16c54fe03afb5740bcc0a2a295cb79d - Path: Packages/com.unity.ugui/Tests/Editor/UGUI/InputField' with importer (DefaultImporter)
Imported 'GUID: c16c54fe03afb5740bcc0a2a295cb79d' -> (Import Result ID: '61db95d6e4e34915eff04d23718eaa5c') in 0.003 seconds [static dependencies only]. Details - ImportResultOutputID=8074335b50bd51817a71966b5917dc8c DependenciesID=79346dbb378c87b2ca1465b98daf3337 StaticDependenciesID=53e17552ee37e28642c2d7be97350073 
Importing 'GUID: e210c8bf2e9c6514d90a1bd77586af1f - Path: Packages/com.unity.ugui/Tests/Runtime/UGUI/Toggle' with importer (DefaultImporter)
Imported 'GUID: e210c8bf2e9c6514d90a1bd77586af1f' -> (Import Result ID: '675298a1b8e682c3a13f64b6939c702a') in 0.002 seconds [static dependencies only]. Details - ImportResultOutputID=9448b0e9da76256a2e2f124cd7e1a042 DependenciesID=79461917e26fcbc4c789a986cd9ff868 StaticDependenciesID=8076765f1f0d28d855a083e34378b65c 
Importing 'GUID: 239dd6edc8e5cd14585c03e09e86a747 - Path: Packages/com.unity.ugui/Tests/Runtime/UGUI/Button' with importer (DefaultImporter)
Imported 'GUID: 239dd6edc8e5cd14585c03e09e86a747' -> (Import Result ID: 'c9b62f11bcf5172573bdab521ce1ee68') in 0.002 seconds [static dependencies only]. Details - ImportResultOutputID=2fbb41bc5748889d5aef3498cb1ad9a7 DependenciesID=c1ca0a7f9ba05923527590160924d34f StaticDependenciesID=d7ce1c881959f169cd7be71947f9a185 
Importing 'GUID: 43b1467da3d29ae4597a733828cdd84a - Path: Packages/com.unity.ugui/Tests/Runtime/UGUI/ScrollBar' with importer (DefaultImporter)
Imported 'GUID: 43b1467da3d29ae4597a733828cdd84a' -> (Import Result ID: '337384a9a998cbe7bd0542d7918be2e1') in 0.002 seconds [static dependencies only]. Details - ImportResultOutputID=3580236fa0b2481d906e782a804543f1 DependenciesID=c30f6648331af198fe93c9e35206bb75 StaticDependenciesID=32bde9278f74c4b403812747d80963c4 
Importing 'GUID: 8313ea704470a264295ec9e09aec6ebc - Path: Packages/com.unity.ugui/Tests/Runtime/UGUI/Graphic' with importer (DefaultImporter)
Imported 'GUID: 8313ea704470a264295ec9e09aec6ebc' -> (Import Result ID: 'b9a78443ea67e40e8ba97c0b64dbe8df') in 0.002 seconds [static dependencies only]. Details - ImportResultOutputID=1d33c468ea3c9340793582932e6840f7 DependenciesID=fc31929495d0af9caa6456e143bb4b4c StaticDependenciesID=df0595160196d1f9935f8148aa44cbc2 
Importing 'GUID: 850af9f3bf6d14143baf2ecfbf25db52 - Path: Packages/com.unity.ugui/Tests/Runtime/UGUI/Slider' with importer (DefaultImporter)
Imported 'GUID: 850af9f3bf6d14143baf2ecfbf25db52' -> (Import Result ID: 'a5f277b7eb8f27833a23f35ec5b5f7bb') in 0.002 seconds [static dependencies only]. Details - ImportResultOutputID=417451072301af04851224ed30accd20 DependenciesID=5d558863492f30232b16ccd86e7e607d StaticDependenciesID=782b43253d3cfd1e77ef43318354b8a0 
Importing 'GUID: a69b08936f9f74179ae333a4bebe7c54 - Path: Packages/com.unity.ugui/Tests/Runtime/UGUI/CanvasRenderer' with importer (DefaultImporter)
Imported 'GUID: a69b08936f9f74179ae333a4bebe7c54' -> (Import Result ID: '2c5dee467700f3c33fc46b25f946c139') in 0.002 seconds [static dependencies only]. Details - ImportResultOutputID=efdc4229cbf0a99a099ceae7028c9b0e DependenciesID=526e8de7b00dedb1f10ff86b8233f729 StaticDependenciesID=e14569bf6110e04d937c0b9b2315b92b 
Importing 'GUID: e7689eda3a8b1a847a8b197dbe90d9a6 - Path: Packages/com.unity.ugui/Tests/Editor/UGUI/UI' with importer (DefaultImporter)
Imported 'GUID: e7689eda3a8b1a847a8b197dbe90d9a6' -> (Import Result ID: 'd1d1a6c22da494d24d28abe99c9ce57b') in 0.002 seconds [static dependencies only]. Details - ImportResultOutputID=0619e96954c1117a1ee94a507e80202d DependenciesID=c6207d987734cfb017c02a806f24e195 StaticDependenciesID=7e2ac50389897e89dfd339f750b21e75 
Importing 'GUID: 98d14ab1acf42df4f88a0561822ac807 - Path: Packages/com.unity.ugui/Tests/Editor/UGUI/EventSystem' with importer (DefaultImporter)
Imported 'GUID: 98d14ab1acf42df4f88a0561822ac807' -> (Import Result ID: '77e6774a906df4abe4451b2497a00093') in 0.002 seconds [static dependencies only]. Details - ImportResultOutputID=6603dd8da4d7905c6bd3055da0051439 DependenciesID=3b8f2168cedad2138bd4746f61ccf437 StaticDependenciesID=e2612729251b5b82bf7ba26d947983bb 
Importing 'GUID: b86b117346968ac4d9cc63e4385becb7 - Path: Packages/com.unity.ugui/Tests/Editor/UGUI/Canvas' with importer (DefaultImporter)
Imported 'GUID: b86b117346968ac4d9cc63e4385becb7' -> (Import Result ID: 'abfc4e25fc4bcb196a6b161f32067343') in 0.002 seconds [static dependencies only]. Details - ImportResultOutputID=8e476afd0593550eb88e8c6624d87515 DependenciesID=877f057cf3e4b633e0c71c551b791af1 StaticDependenciesID=b7832171fbca6c06f6be994e5156c219 
Importing 'GUID: e90cc37a5ccf4a44dbecc5b7172ec512 - Path: Packages/com.unity.ugui/Tests/Editor/UGUI/UnityEvent' with importer (DefaultImporter)
Imported 'GUID: e90cc37a5ccf4a44dbecc5b7172ec512' -> (Import Result ID: 'cde0220ef807c353e41e788af94ac458') in 0.002 seconds [static dependencies only]. Details - ImportResultOutputID=a0bc94d63c9e6f6a4b020ee487fe309b DependenciesID=45c7b73f494615e9b2a7e5aa7f607d05 StaticDependenciesID=ebe26c080430ce70dc04ce90c2a84dac 
Importing 'GUID: 2a28c2fab6b1bb745a844ef6b908e7ee - Path: Packages/com.unity.ugui/Tests/Runtime/UGUI/InputField' with importer (DefaultImporter)
Imported 'GUID: 2a28c2fab6b1bb745a844ef6b908e7ee' -> (Import Result ID: 'e19cd6063a525fa66ec6d63085128f57') in 0.001 seconds [static dependencies only]. Details - ImportResultOutputID=e58836774379c95673eb78fae8afcfc0 DependenciesID=80628ccd12ddd2f94ec083d525d9a9ab StaticDependenciesID=c65b7afb8092863076808e4bf6ae8427 
Importing 'GUID: 9a3557da07c729b4eb774b8e30e157a4 - Path: Packages/com.unity.ugui/Tests/Runtime/UGUI/Canvas' with importer (DefaultImporter)
Imported 'GUID: 9a3557da07c729b4eb774b8e30e157a4' -> (Import Result ID: '1d249d6e40778354a987a6fcb192c906') in 0.001 seconds [static dependencies only]. Details - ImportResultOutputID=7d088037bf937e0424a9d6b638c327bc DependenciesID=41dad57d6012744c15a40fcaeea4407c StaticDependenciesID=4e86fe4ece9cd37a029e157d3e105e51 
Importing 'GUID: bae197be297529d4fa735fbe7c91828d - Path: Packages/com.unity.ugui/Tests/Runtime/UGUI/Dropdown' with importer (DefaultImporter)
Imported 'GUID: bae197be297529d4fa735fbe7c91828d' -> (Import Result ID: '5e3bc459916388cb419c01133fdf71b5') in 0.002 seconds [static dependencies only]. Details - ImportResultOutputID=6965364a0d1585b32a69589405f69568 DependenciesID=0f01d54a900122b1b9268796394d561d StaticDependenciesID=f6979298c434fcac3eab6e2a6f28d882 
Importing 'GUID: 2bc8a181dfd9de24388de89bb8db7713 - Path: Packages/com.unity.ugui/Tests/Runtime/UGUI/MaskClipping' with importer (DefaultImporter)
Imported 'GUID: 2bc8a181dfd9de24388de89bb8db7713' -> (Import Result ID: '9852a04d0c1c2c7f4eb843f22fc6ee3b') in 0.002 seconds [static dependencies only]. Details - ImportResultOutputID=cf24f9eca233f2ba4f2d58fafaa1207b DependenciesID=81d17dddb222b3420f97299907fad188 StaticDependenciesID=6a1c237633df10eb57dda2ae6b8a2a66 
Importing 'GUID: 9bedab6f9886aee42b33e424bffdb640 - Path: Packages/com.unity.ugui/Tests/Runtime/UGUI/ScrollRect' with importer (DefaultImporter)
Imported 'GUID: 9bedab6f9886aee42b33e424bffdb640' -> (Import Result ID: '35be4c3e6713de16b5d00f4bbd266953') in 0.002 seconds [static dependencies only]. Details - ImportResultOutputID=1e1e42b1ee74118f6935739ac2a182ad DependenciesID=dfd6e8e800abc6fff15f84984c140c39 StaticDependenciesID=5da55679819c88cddee1108bf2fe2e60 
Importing 'GUID: ab93e1a81defc3243a6e9cd0df3cb443 - Path: Packages/com.unity.ugui/Tests/Runtime/UGUI/EventSystem' with importer (DefaultImporter)
Imported 'GUID: ab93e1a81defc3243a6e9cd0df3cb443' -> (Import Result ID: 'e71948e5e25e2dfd7b129abeb5f90abf') in 0.001 seconds [static dependencies only]. Details - ImportResultOutputID=b30f8b8e5eb481e24f93b908a7a0420f DependenciesID=d5ef749c21096e9dc9c4f62024f1f498 StaticDependenciesID=b3a3d429314049c0781aedacf9c24a39 
Importing 'GUID: eb7e44c5cec24463ab95d52834898a3b - Path: Packages/com.unity.ugui/Tests/Runtime/UGUI/RawImage' with importer (DefaultImporter)
Imported 'GUID: eb7e44c5cec24463ab95d52834898a3b' -> (Import Result ID: 'e5171864f5e9d44c630929fa7290a51b') in 0.001 seconds [static dependencies only]. Details - ImportResultOutputID=5f3dd41893760011c03943e595e0e2b9 DependenciesID=4609bdcad0f058fdf8179ecc0d03b1ae StaticDependenciesID=d71de07129330d4161d834c15e52c1be 
Importing 'GUID: 4cfe5ade9a1375e40aed87618b92bd12 - Path: Packages/com.unity.ugui/Tests/Editor/UGUI/Slider' with importer (DefaultImporter)
Imported 'GUID: 4cfe5ade9a1375e40aed87618b92bd12' -> (Import Result ID: '0713d7a6198169bcd51a451723559aea') in 0.001 seconds [static dependencies only]. Details - ImportResultOutputID=e22ecf5b6dbe3e62a296c4d455bdc050 DependenciesID=f5cc6dfa6c2c0479f8183aa4a1994ad8 StaticDependenciesID=f14609ee3d652a87f460678e619f3145 
Importing 'GUID: cc313cc004395df4a9884390556690a5 - Path: Packages/com.unity.ugui/Tests/Runtime/UGUI/Layout' with importer (DefaultImporter)
Imported 'GUID: cc313cc004395df4a9884390556690a5' -> (Import Result ID: '7b531e27c78f080820cdd4562cff96f6') in 0.002 seconds [static dependencies only]. Details - ImportResultOutputID=60415242162df86570f1c45c1cd3de97 DependenciesID=1a988c880bf84369175e13e8392194f1 StaticDependenciesID=787e244eb5981d4e5359cbc5817d693a 
Importing 'GUID: cce7e34ecb3cc43ebabe7154ebe11414 - Path: Packages/com.unity.ugui/Tests/Runtime/UGUI/RaycastReceiver' with importer (DefaultImporter)
Imported 'GUID: cce7e34ecb3cc43ebabe7154ebe11414' -> (Import Result ID: 'fb513d187e2933bc1e8518cb4da14cae') in 0.002 seconds [static dependencies only]. Details - ImportResultOutputID=93b7fb6b6bb40adb488bc0f68fc48255 DependenciesID=345a6564439896cb277d31e66a5fe157 StaticDependenciesID=f39f00894393480c7d44a7fb13c75fc3 
Importing 'GUID: 2d9b6ff056b6f484ba6500aa8e06bcf3 - Path: Packages/com.unity.ugui/Tests/Runtime/UGUI/LayoutGroup' with importer (DefaultImporter)
Imported 'GUID: 2d9b6ff056b6f484ba6500aa8e06bcf3' -> (Import Result ID: '83b2ac34e2e10e7c7de216d6cc8ac0c4') in 0.002 seconds [static dependencies only]. Details - ImportResultOutputID=c2f016a97ca6b758214e30a50ac04dd1 DependenciesID=de71756809ad47ef30b5882c6aaeed74 StaticDependenciesID=34f68bd890f5c3b4d7f781c3b44f0029 
Importing 'GUID: ae242449e9279d44789513b922d3178a - Path: Packages/com.unity.ugui/Tests/Editor/UGUI/CanvasRenderer' with importer (DefaultImporter)
Imported 'GUID: ae242449e9279d44789513b922d3178a' -> (Import Result ID: 'a716104b625670cc7aecdea1c534d772') in 0.001 seconds [static dependencies only]. Details - ImportResultOutputID=e5bf496d94443ae3ec9c556233743fcb DependenciesID=eceaba14f7ddf17b74125422e00f0b18 StaticDependenciesID=eef29d039ef4cfceb88a8eee3c804f26 
Importing 'GUID: 1f71aeacc4a9f1a40b22a1a590331f6b - Path: Packages/com.unity.ugui/Tests/Editor/UGUI/Dropdown' with importer (DefaultImporter)
Imported 'GUID: 1f71aeacc4a9f1a40b22a1a590331f6b' -> (Import Result ID: '5cdafdf18ddd9f62223761591d1d9fa5') in 0.001 seconds [static dependencies only]. Details - ImportResultOutputID=9c7b3a89084fcba7d2db4de1536c8b5e DependenciesID=ff92cb98b85f870b67c50e316f7cfd35 StaticDependenciesID=1b82cc936954c9e9a65d3ef2769217fe 
Importing 'GUID: 4f9ac6e545d53f94b9f09c85b9576f36 - Path: Packages/com.unity.ugui/Tests/Editor/UGUI/Text' with importer (DefaultImporter)
Imported 'GUID: 4f9ac6e545d53f94b9f09c85b9576f36' -> (Import Result ID: 'e98648bd66940b6a132be651d2420fb6') in 0.002 seconds [static dependencies only]. Details - ImportResultOutputID=0a6c93c4388846596449e13fb9ee76e4 DependenciesID=e53ff11c940a19efb0773a66a6f23adc StaticDependenciesID=e28c688a242fa2ecb59ea4a56173efa2 
Importing 'GUID: af30a361ab68260438b6ec3fb7e64500 - Path: Packages/com.unity.ugui/Tests/Runtime/UGUI/Util' with importer (DefaultImporter)
Imported 'GUID: af30a361ab68260438b6ec3fb7e64500' -> (Import Result ID: 'aa376b6d0e325f33c19475de00160cf5') in 0.002 seconds [static dependencies only]. Details - ImportResultOutputID=62ba854b2b9d1dd6ed122b47ebaa7e4a DependenciesID=16e5086e837bf6d99be4855116cfe93a StaticDependenciesID=ddd6ba8589c95d651a2b2f5c6bdac46e 
Importing 'GUID: efad3ddb7270ac241b9b1357ec5ee2f2 - Path: Packages/com.unity.ugui/Tests/Runtime/UGUI/NestedLayout' with importer (DefaultImporter)
Imported 'GUID: efad3ddb7270ac241b9b1357ec5ee2f2' -> (Import Result ID: '302644d2a6c11c2840be61820d8adbd5') in 0.002 seconds [static dependencies only]. Details - ImportResultOutputID=6ea828bc1b4844d62080f5a23272f6ef DependenciesID=2ca3c70dc54d7a1c69a63616b2ff9cd1 StaticDependenciesID=7c045ecfde023df1d2f5ff37c1c0863f 
Importing 'GUID: 24333a116497b144f9782b1160984b57 - Path: Packages/com.unity.ugui/Tests/Editor/UGUI/UI/PropertyDrawers' with importer (DefaultImporter)
Imported 'GUID: 24333a116497b144f9782b1160984b57' -> (Import Result ID: '2dc7399091e0517b2a785c08354a7c03') in 0.002 seconds [static dependencies only]. Details - ImportResultOutputID=ecae9bd5d0156d4f227ceb9a1d09b3a1 DependenciesID=0bda6461a458d12ad016ef9565e75c17 StaticDependenciesID=bb6c56836df00b4929f99e101b1619dd 
Importing 'GUID: 7a892c920c8ad2848b469ec9579c5219 - Path: Packages/com.unity.ugui/Tests/Runtime/UGUI/EventSystem/InputModuleTests' with importer (DefaultImporter)
Imported 'GUID: 7a892c920c8ad2848b469ec9579c5219' -> (Import Result ID: '802cc4431449fddf7007e24fe27b1336') in 0.002 seconds [static dependencies only]. Details - ImportResultOutputID=65fc0fa1452fdf4535fd027d3e85177b DependenciesID=46d7167f0e8e2ea036fc41066557dee8 StaticDependenciesID=bf2cff228dfdc2c43f81045caaed2601 
Importing 'GUID: 05242c3d99f24a74f99cc20369fcb344 - Path: Packages/com.unity.ugui/Tests/Editor/Common/UnityEditor.UI.Common.Tests.asmdef' with importer (AssemblyDefinitionImporter)
Imported 'GUID: 05242c3d99f24a74f99cc20369fcb344' -> (Import Result ID: '411078353c21a9dc0f08b98dab728422') in 0.002 seconds [static dependencies only]. Details - ImportResultOutputID=13355475c8cf726890e4967ddaff5c0e DependenciesID=b61199a2ddd008bef28cb6fd3383e619 StaticDependenciesID=b0e9ed9b1a013087770c88e0f15302f7 
Importing 'GUID: 656e461844099ae43a609ff6109b0877 - Path: Packages/com.unity.ugui/Tests/Editor/TMP/Unity.TextMeshPro.Editor.Tests.asmdef' with importer (AssemblyDefinitionImporter)
Imported 'GUID: 656e461844099ae43a609ff6109b0877' -> (Import Result ID: '8bd7b8742ca2e96ae64c8902d8c5ccc1') in 0.002 seconds [static dependencies only]. Details - ImportResultOutputID=167b54fc7ec77217dc4d1af00b101ec3 DependenciesID=09af9f93edddde64cc3ffb208a851f18 StaticDependenciesID=27c4ae2558764017965997b41cfcef68 
Importing 'GUID: e9745f6a32442194c8dc5a43e9ab86f9 - Path: Packages/com.unity.ugui/Tests/Runtime/UGUI/UnityEngine.UI.Tests.asmdef' with importer (AssemblyDefinitionImporter)
Imported 'GUID: e9745f6a32442194c8dc5a43e9ab86f9' -> (Import Result ID: 'da2219b3b25ed3e68e28f444bbb415ce') in 0.002 seconds [static dependencies only]. Details - ImportResultOutputID=f1b7fc1b8a4bb998167ba402c64af205 DependenciesID=8c8f86d305e9a085bde72558d537064a StaticDependenciesID=352b8c8e28c9ab6f58adc4ea8b14e157 
Importing 'GUID: bb05cab7d802aa5468f8f2f86840d984 - Path: Packages/com.unity.ugui/Tests/Runtime/TMP/Unity.TextMeshPro.Tests.asmdef' with importer (AssemblyDefinitionImporter)
Imported 'GUID: bb05cab7d802aa5468f8f2f86840d984' -> (Import Result ID: '10c0c6c14be8916e1f56b5dc2d3269fa') in 0.002 seconds [static dependencies only]. Details - ImportResultOutputID=e9011f648514f8bbd4c94ddd8d1d1122 DependenciesID=b46828b37faff1886916ca57b4cebd87 StaticDependenciesID=09de94775eb3569b420df037cc948e5a 
Importing 'GUID: 7c04f0dfa9243c04681a55d90d3ff3fc - Path: Packages/com.unity.ugui/Tests/Editor/UGUI/UnityEditor.UI.EditorTests.asmdef' with importer (AssemblyDefinitionImporter)
Imported 'GUID: 7c04f0dfa9243c04681a55d90d3ff3fc' -> (Import Result ID: 'e3572490cb4777d2102c5083b6503ec2') in 0.003 seconds [static dependencies only]. Details - ImportResultOutputID=718332123925c2264ef1b92f2b680e79 DependenciesID=b669a45ca472d2904202851223e01d45 StaticDependenciesID=ec83a9d78c9432ef932d964fff6cac52 
Importing 'GUID: 51fa60bb2bd1e5bc74e8cc95a7bfd5b7 - Path: Packages/com.unity.modules.ui/package.ModuleCompilationTrigger' with importer (DefaultImporter)
Imported 'GUID: 51fa60bb2bd1e5bc74e8cc95a7bfd5b7' -> (Import Result ID: 'be512cbaf64ea92a8c61a9860d5593e0') in 0.025 seconds [static dependencies only]. Details - ImportResultOutputID=97b097896283fafd162f5103b6da9350 DependenciesID=e379836f04c341386ee5af5817637ee4 StaticDependenciesID=c2aff6c152a6da981347289118cef558 
Importing 'GUID: d104359075a97392b803d3d5aebc77f7 - Path: Packages/com.unity.modules.hierarchycore/package.ModuleCompilationTrigger' with importer (DefaultImporter)
Imported 'GUID: d104359075a97392b803d3d5aebc77f7' -> (Import Result ID: '1104453536185676bc1678445bc2e5c2') in 0.001 seconds [static dependencies only]. Details - ImportResultOutputID=8ec3343e917ef007d455acfe45d3ee72 DependenciesID=11cd1d869703a14821f66523d31d6e31 StaticDependenciesID=9506762e0ca75dd852ab6d602f96658b 
Importing 'GUID: 222fc39b0c85d800342910da2cd64781 - Path: Packages/com.unity.modules.assetbundle/package.ModuleCompilationTrigger' with importer (DefaultImporter)
Imported 'GUID: 222fc39b0c85d800342910da2cd64781' -> (Import Result ID: 'dd36a5e01c8079a36a8e076f32ac9a85') in 0.001 seconds [static dependencies only]. Details - ImportResultOutputID=a4749f3da6b6adf8eaabf6e5477b2b7c DependenciesID=e7aef5b454539e843aea21afca7a9562 StaticDependenciesID=bf0185bce9c4f64f5de1111522b962c3 
Importing 'GUID: d2ec2d1228c8e67cdd913cb5609176a2 - Path: Packages/com.unity.modules.unitywebrequest/package.ModuleCompilationTrigger' with importer (DefaultImporter)
Imported 'GUID: d2ec2d1228c8e67cdd913cb5609176a2' -> (Import Result ID: 'cbae085591e1311e0426e2d013a8e2fc') in 0.001 seconds [static dependencies only]. Details - ImportResultOutputID=37747859ed12efda2a92d3d840e79b06 DependenciesID=91663d755e88c5ca08eaa9b698d477e1 StaticDependenciesID=f00cc25d0cb3d54a323605ed0b875d57 
Importing 'GUID: 830a36a23cf3ab1e61fa47940a6dc35e - Path: Packages/com.unity.modules.imageconversion/package.ModuleCompilationTrigger' with importer (DefaultImporter)
Imported 'GUID: 830a36a23cf3ab1e61fa47940a6dc35e' -> (Import Result ID: 'a49f3e2b08ded35f46967b1fd01ec880') in 0.001 seconds [static dependencies only]. Details - ImportResultOutputID=1312c79305670b6aa3bce9ff3efd03b9 DependenciesID=0d87bfc0d9d3dcf3dbb4416dbe071d2e StaticDependenciesID=56f9209b404ef1062f2d5b5c6a7566ff 
Importing 'GUID: a31a332ce3485f00f7df8d987302a29c - Path: Packages/com.unity.modules.unitywebrequesttexture/package.ModuleCompilationTrigger' with importer (DefaultImporter)
Imported 'GUID: a31a332ce3485f00f7df8d987302a29c' -> (Import Result ID: 'fc94c7b147a6b5694eda1349b0d7aabd') in 0.001 seconds [static dependencies only]. Details - ImportResultOutputID=54d1731c77f760b5355a2b1bfa92527b DependenciesID=5571910980b4cae5029e5ab40e2bcd2d StaticDependenciesID=6e49c3a187320488020f3989f8d20238 
Importing 'GUID: 042dc296246916648e55a43d0eeb2036 - Path: Packages/com.unity.modules.audio/package.ModuleCompilationTrigger' with importer (DefaultImporter)
Imported 'GUID: 042dc296246916648e55a43d0eeb2036' -> (Import Result ID: 'c4a0e5bbce453acc33a8bf9c7f8fd969') in 0.001 seconds [static dependencies only]. Details - ImportResultOutputID=ab0921e937c1d9c2d7fbdebe7091d6c2 DependenciesID=2fbfc3637758b4b1afbb879176065fd9 StaticDependenciesID=efa0e9a04fa05cb3d50f46a551bc8be8 
Importing 'GUID: 14e86f88e9a8c9c448d7e7df92f2aeec - Path: Packages/com.unity.modules.physicscore2d/package.ModuleCompilationTrigger' with importer (DefaultImporter)
Imported 'GUID: 14e86f88e9a8c9c448d7e7df92f2aeec' -> (Import Result ID: '286d0aaeea317716b6b387abae91239e') in 0.001 seconds [static dependencies only]. Details - ImportResultOutputID=94d25b776bc28f679880cb17bd31ec6c DependenciesID=1e2365107784a1b2d2eb507bd4923ea0 StaticDependenciesID=488aedf750fe121a67026d15356ece4f 
Importing 'GUID: 553737203d61a8109f9544a97201e1aa - Path: Packages/com.unity.modules.unitywebrequestaudio/package.ModuleCompilationTrigger' with importer (DefaultImporter)
Imported 'GUID: 553737203d61a8109f9544a97201e1aa' -> (Import Result ID: 'e6baa8215c97ef304366679935990995') in 0.000 seconds [static dependencies only]. Details - ImportResultOutputID=ab514c5cded186b91986c4c830fcf71c DependenciesID=e12ad54e4c4bfce446617e5e5004ec3d StaticDependenciesID=c4320a1c96db5a5f3ca135be31fdc3d7 
Importing 'GUID: 7610600f5c83e01041a6fe849d39279f - Path: Packages/com.unity.modules.unitywebrequestassetbundle/package.ModuleCompilationTrigger' with importer (DefaultImporter)
Imported 'GUID: 7610600f5c83e01041a6fe849d39279f' -> (Import Result ID: '2ea50db261b98f391b66c8e2e2c09118') in 0.001 seconds [static dependencies only]. Details - ImportResultOutputID=8003247251fb87c113fccdf168b06d46 DependenciesID=ac0e2bdb486634d4b85bb1a604b63dc5 StaticDependenciesID=32f59c7b9032968cc025840700eddeb8 
Importing 'GUID: e6a135e3ea9cb46795d1b0e05ac3e1e5 - Path: Packages/com.unity.modules.jsonserialize/package.ModuleCompilationTrigger' with importer (DefaultImporter)
Imported 'GUID: e6a135e3ea9cb46795d1b0e05ac3e1e5' -> (Import Result ID: '1c57b55bcd4c8c6362ce51c0ebd7a821') in 0.001 seconds [static dependencies only]. Details - ImportResultOutputID=16fe18d7d4fb3289b89d1d866fdd26db DependenciesID=252a3b2725279cfc46d526136c580f21 StaticDependenciesID=0739be11007ee94595e2bc82ea98c6c4 
Importing 'GUID: f62135e79edb837b2d2ee3c524da864c - Path: Packages/com.unity.modules.video/package.ModuleCompilationTrigger' with importer (DefaultImporter)
Imported 'GUID: f62135e79edb837b2d2ee3c524da864c' -> (Import Result ID: '1872df6bc4628bb1a9ca29144f14611e') in 0.000 seconds [static dependencies only]. Details - ImportResultOutputID=f343425462c7ecc24009b61dff957b85 DependenciesID=abff74b8822e33abc9192cbad1ed91f1 StaticDependenciesID=e582a27c3a6fe23d6752fceeabe989f3 
Importing 'GUID: 17f093324b67f5bd57e55b546736750e - Path: Packages/com.unity.modules.particlesystem/package.ModuleCompilationTrigger' with importer (DefaultImporter)
Imported 'GUID: 17f093324b67f5bd57e55b546736750e' -> (Import Result ID: '6ff179a8a8c272aadee9696a75f4aebd') in 0.000 seconds [static dependencies only]. Details - ImportResultOutputID=0355b1352b2efc29f8c3d4c7ae63c7f1 DependenciesID=b614594b4860a97264debb13b5bea861 StaticDependenciesID=06ca6bb0312a01a92b0f116ae2bb5399 
Importing 'GUID: c88e90bad18cceb5d182d0c805883056 - Path: Packages/com.unity.modules.director/package.ModuleCompilationTrigger' with importer (DefaultImporter)
Imported 'GUID: c88e90bad18cceb5d182d0c805883056' -> (Import Result ID: '88b56db61470ef8e5dee2598c8965f76') in 0.000 seconds [static dependencies only]. Details - ImportResultOutputID=5d286ef98cbac13e3d0e345aac901e4f DependenciesID=9fe04e6b981ac1886c519cc8508a5f5d StaticDependenciesID=34683c221800bed4b46509fdcd989f77 
Importing 'GUID: 8a752aaaadd2410dd9a84e01c1bace9f - Path: Packages/com.unity.modules.uielements/package.ModuleCompilationTrigger' with importer (DefaultImporter)
Imported 'GUID: 8a752aaaadd2410dd9a84e01c1bace9f' -> (Import Result ID: '9bbe79e6be23cf294a7e85a44717cd80') in 0.001 seconds [static dependencies only]. Details - ImportResultOutputID=f40b7d6a35d44b9d0813e881de9232d1 DependenciesID=75395805abf87b79b2479c000ddf866e StaticDependenciesID=dbfa668ffe7162da8bf99b5a155dcc22 
Importing 'GUID: db8e609a39b9b231fccc54e5fa4cbd1b - Path: Packages/com.unity.modules.animation/package.ModuleCompilationTrigger' with importer (DefaultImporter)
Imported 'GUID: db8e609a39b9b231fccc54e5fa4cbd1b' -> (Import Result ID: '1f5a4eb4c1bea2765a464e96476b9256') in 0.000 seconds [static dependencies only]. Details - ImportResultOutputID=288139cac869a1d040c89eaede133db4 DependenciesID=6a55271c2f8d6d1262fc99195f90c42b StaticDependenciesID=804c219e7325b6dbb8b72b358085a67b 
Importing 'GUID: 5c1ee4056d0ac7ad3c5a16597fcaa38a - Path: Packages/com.unity.modules.physics/package.ModuleCompilationTrigger' with importer (DefaultImporter)
Imported 'GUID: 5c1ee4056d0ac7ad3c5a16597fcaa38a' -> (Import Result ID: 'da10249b72ef1938ae2817246359febc') in 0.000 seconds [static dependencies only]. Details - ImportResultOutputID=47c1ddfb4cd3ec43bc350d5b06504d59 DependenciesID=c1fdb786cfa5b8cd2458adb570b7e483 StaticDependenciesID=def7f60ed94eb1e3bf949e7a24d98b09 
Importing 'GUID: cd561f5f687aed43bf280c27a84f79e3 - Path: Packages/com.unity.modules.screencapture/package.ModuleCompilationTrigger' with importer (DefaultImporter)
Imported 'GUID: cd561f5f687aed43bf280c27a84f79e3' -> (Import Result ID: 'fe6c3609632574e772751b1a1470e3ae') in 0.000 seconds [static dependencies only]. Details - ImportResultOutputID=3eb1964e8afbff2c421e099475927610 DependenciesID=187000d91108dd5733c47a4017161fe8 StaticDependenciesID=81108190fb4b408fcb20c546a76134da 
Importing 'GUID: ae87256f29d9c8b50490f4caf75b2c41 - Path: Packages/com.unity.modules.unitywebrequestwww/package.ModuleCompilationTrigger' with importer (DefaultImporter)
Imported 'GUID: ae87256f29d9c8b50490f4caf75b2c41' -> (Import Result ID: '48deca1ca5e5806fd98cb116530c8138') in 0.000 seconds [static dependencies only]. Details - ImportResultOutputID=79dda7a6ac07c59209ba94225ee33d24 DependenciesID=79391c27a28a0c4027778dc79f8b3d56 StaticDependenciesID=7dac5f7f16a9ff2c212f9c3517f83288 
Importing 'GUID: be13c398521e3c1ad21fb9da30ab2ab6 - Path: Packages/com.unity.modules.imgui/package.ModuleCompilationTrigger' with importer (DefaultImporter)
Imported 'GUID: be13c398521e3c1ad21fb9da30ab2ab6' -> (Import Result ID: '4bfb181c21f30d7fa0736cd84007b874') in 0.000 seconds [static dependencies only]. Details - ImportResultOutputID=68bbcc9e8372c6860b60d924cb4f595c DependenciesID=4bcf2bcb999c4f466f4fa1d587744998 StaticDependenciesID=b10ae4bbcc2865380adf6542439aaca3 
Importing 'GUID: fe6a6957b37b61417b457a1e0541791d - Path: Packages/com.unity.modules.physics2d/package.ModuleCompilationTrigger' with importer (DefaultImporter)
Imported 'GUID: fe6a6957b37b61417b457a1e0541791d' -> (Import Result ID: 'a0cc2b0b2fa3e4916c65d2e9c3d41a37') in 0.000 seconds [static dependencies only]. Details - ImportResultOutputID=007ff8c01aa675f4b695ba99a36210ad DependenciesID=0b3ab5f8d1990e5a76f706e63a612bc9 StaticDependenciesID=bf5244ee0a65aa31c2655bbde014baac 
Native extension for WindowsStandalone target not found
Native extension for WebGL target not found
ScheduleIndexationOnStartup MainProcess:True IndexOnStartup:True
Mono: successfully reloaded assembly
- Finished resetting the current domain, in  0.328 seconds
Domain Reload Profiling: 714ms
	BeginReloadAssembly (184ms)
		DisableScriptedObjects (42ms)
		CreateAndSetChildDomain (45ms)
	RebuildCommonClasses (8ms)
	RebuildNativeTypeToScriptingClass (14ms)
	initialDomainReloadingComplete (41ms)
	LoadAllAssembliesAndSetupDomain (138ms)
		LoadAssemblies (99ms)
		AnalyzeDomain (16ms)
			TypeCache.Refresh (9ms)
				TypeCache.ScanAssembly (5ms)
			BuildScriptInfoCaches (5ms)
	FinalizeReload (329ms)
		SetupLoadedEditorAssemblies (0ms)
			BeforeProcessingInitializeOnLoad (62ms)
			ProcessInitializeOnLoadAttributes (57ms)
			ProcessInitializeOnLoadMethodAttributes (56ms)
			AfterProcessingInitializeOnLoad (7ms)
		AwakeInstancesAfterBackupRestoration (25ms)
Importing 'GUID: bc00e25696e4132499f56528d3fed2e3 - Path: Packages/com.unity.ugui/Package Resources/TMP Examples & Extras.unitypackage' with importer (DefaultImporter)
Imported 'GUID: bc00e25696e4132499f56528d3fed2e3' -> (Import Result ID: '6dcae046f07494bee394b871e9b82801') in 0.010 seconds [static dependencies only]. Details - ImportResultOutputID=5e64def7f760c9c68f91d0f7e63b32d7 DependenciesID=db2468517968ce15edb4741f341a05dd StaticDependenciesID=35a84fe4f568275afd52f175a747f5ad 
Importing 'GUID: ce4ff17ca867d2b48b5c8a4181611901 - Path: Packages/com.unity.ugui/Package Resources/TMP Essential Resources.unitypackage' with importer (DefaultImporter)
Imported 'GUID: ce4ff17ca867d2b48b5c8a4181611901' -> (Import Result ID: 'b6d3a4f2931c3309acda9e6087cb30c0') in 0.003 seconds [static dependencies only]. Details - ImportResultOutputID=1b08adab5828572d6bd38dd46d26db87 DependenciesID=e24db9db30cece926185571a75108bad StaticDependenciesID=058d155859b9d9e003cf501d09971076 
Importing 'GUID: e05ace3bd15740cda0bad60d89092a5b - Path: Packages/com.unity.ugui/Editor Resources/Textures/btn_AlignRight_Light.psd' with importer (TextureImporter)
Imported 'GUID: e05ace3bd15740cda0bad60d89092a5b' -> (Import Result ID: 'f4b1d2ed736aced637551e7ebb6f3a19') in 0.012 seconds [static and dynamic dependencies]. Details - ImportResultOutputID=7eaa8ff1f71864049d0f3025aedb03f8 DependenciesID=08fd252c552ae5ac26fca2ed768c02fa StaticDependenciesID=6e5acb023244c00d0a9c1f490771343a 
Importing 'GUID: 41b96614b2e6494ba995ddcd252d11ae - Path: Packages/com.unity.ugui/Editor Resources/Textures/btn_AlignMiddle.psd' with importer (TextureImporter)
Imported 'GUID: 41b96614b2e6494ba995ddcd252d11ae' -> (Import Result ID: 'b94c67cb1f86dab085695ee45d33a3ec') in 0.003 seconds [static and dynamic dependencies]. Details - ImportResultOutputID=c28061aab518ffe24a191dde8ebfa7cc DependenciesID=ff3ea81955fd29eb7092782f99a00cbc StaticDependenciesID=6cfa7295cafa9f5e6bf37964c7eb2037 
Importing 'GUID: 81ed8c76d2bc4a4c95d092c98af4e58f - Path: Packages/com.unity.ugui/Editor Resources/Textures/btn_AlignCenter.psd' with importer (TextureImporter)
Imported 'GUID: 81ed8c76d2bc4a4c95d092c98af4e58f' -> (Import Result ID: '03e5c10ed5db2468030698bb49d4ced5') in 0.003 seconds [static and dynamic dependencies]. Details - ImportResultOutputID=af686063a2cf3d678324e881aa207f77 DependenciesID=aa3145ed9ad916f691d8cbb33a2b100b StaticDependenciesID=606ef26b438ebb21d41c14a922153ee8 
Importing 'GUID: 12736c98af174f91827a26b66d2b01b9 - Path: Packages/com.unity.ugui/Editor Resources/Textures/btn_AlignLeft_Light.psd' with importer (TextureImporter)
Imported 'GUID: 12736c98af174f91827a26b66d2b01b9' -> (Import Result ID: '8e03627017bbee32cc26d80384ac7ab6') in 0.003 seconds [static and dynamic dependencies]. Details - ImportResultOutputID=28cf3c4de84c6f7a7853ec9b77f43073 DependenciesID=3ee024de182ec5fb35039d0a74a3892f StaticDependenciesID=f1b3dea8c7fd308a24861c078b2523f7 
Importing 'GUID: 92027f7f8cfc4feaa477da0dc38d3d46 - Path: Packages/com.unity.ugui/Editor Resources/Textures/btn_AlignJustified.psd' with importer (TextureImporter)
Imported 'GUID: 92027f7f8cfc4feaa477da0dc38d3d46' -> (Import Result ID: 'afbd7a6f789f1a8fa7a70ead9a849a74') in 0.003 seconds [static and dynamic dependencies]. Details - ImportResultOutputID=4ab6e7baf0d909f59d9de7d053006fb8 DependenciesID=6ce030255c1d0f9e622003a32c6c71c2 StaticDependenciesID=cafcef34478d9bfd767a55d24eed979c 
Importing 'GUID: 9288066c33474b94b6ee5465f4df1cc0 - Path: Packages/com.unity.ugui/Editor Resources/Textures/btn_AlignLeft.psd' with importer (TextureImporter)
Imported 'GUID: 9288066c33474b94b6ee5465f4df1cc0' -> (Import Result ID: '3bb28bf3669853bd095f2e18f1d75421') in 0.003 seconds [static and dynamic dependencies]. Details - ImportResultOutputID=58e97cd0bf8866ec347adcb2038b89cd DependenciesID=f5ce3c78760260a2bdc4861453e3686d StaticDependenciesID=8c4a4b2d86fc9cde6b38598cd04153b0 
Importing 'GUID: c2f7f6a88b4c4f20a53deb72f3d9144c - Path: Packages/com.unity.ugui/Editor Resources/Textures/btn_AlignMidLine.psd' with importer (TextureImporter)
Imported 'GUID: c2f7f6a88b4c4f20a53deb72f3d9144c' -> (Import Result ID: '9431860100e0a797d05771e51b6242ca') in 0.003 seconds [static and dynamic dependencies]. Details - ImportResultOutputID=b39933bf4475dec51e35a5119ea25657 DependenciesID=155e300fa41234f08f741e60cfdac680 StaticDependenciesID=65014ad5ea680191bd0a8a454543f409 
Importing 'GUID: e3b0f810fdea84e40ab4ba20f256f7e8 - Path: Packages/com.unity.ugui/Editor Resources/Textures/SectionHeader_Light.psd' with importer (TextureImporter)
Imported 'GUID: e3b0f810fdea84e40ab4ba20f256f7e8' -> (Import Result ID: '6ac0d572a0ef234fd0e9a3e3f3fc0cc3') in 0.003 seconds [static and dynamic dependencies]. Details - ImportResultOutputID=d8da75d1f63381a0b31887dbedaf02cd DependenciesID=95fb3403b42d59444ab22b85a319c4fd StaticDependenciesID=48bfd572d0fc30409086be0ca0ffe6d4 
Importing 'GUID: 342a0f8aca7f4f0691338912faec0494 - Path: Packages/com.unity.ugui/Editor Resources/Textures/btn_AlignRight.psd' with importer (TextureImporter)
Imported 'GUID: 342a0f8aca7f4f0691338912faec0494' -> (Import Result ID: 'fc9c47e8199df7ead195e96c6e54d3cd') in 0.003 seconds [static and dynamic dependencies]. Details - ImportResultOutputID=63464050af65c4d46e3853589086ad7c DependenciesID=4e094920d698e3176dada1306d6b7bfa StaticDependenciesID=56842705d1b7bfefc759cafff41e63fb 
Importing 'GUID: 64b9fad609434c489c32b1cdf2004a1c - Path: Packages/com.unity.ugui/Editor Resources/Textures/btn_AlignFlush_Light.psd' with importer (TextureImporter)
Imported 'GUID: 64b9fad609434c489c32b1cdf2004a1c' -> (Import Result ID: '5fae21ed4d30faeef0e73c02a41605fd') in 0.003 seconds [static and dynamic dependencies]. Details - ImportResultOutputID=a42412fec588be154f1473e4466aab80 DependenciesID=6a30d2a765c0ca46f75d297ceabed36f StaticDependenciesID=873f1977b22588c07245e470e6f251d5 
Importing 'GUID: 35ff0937876540d3bd4b6a941df62a92 - Path: Packages/com.unity.ugui/Editor Resources/Textures/btn_AlignCenterGeo_Light.psd' with importer (TextureImporter)
Imported 'GUID: 35ff0937876540d3bd4b6a941df62a92' -> (Import Result ID: '06f86552a1ab84bc25e9665e93213410') in 0.003 seconds [static and dynamic dependencies]. Details - ImportResultOutputID=e013cf86cc85402520e6eabe9a9c84ef DependenciesID=ac0ddb21a270badbf634aa99b1a22347 StaticDependenciesID=13c11de4347dbaa16668fc2813f85a60 
Importing 'GUID: 066619c9c9c84f89acb1b48c11a7efe2 - Path: Packages/com.unity.ugui/Editor Resources/Textures/btn_AlignMiddle_Light.psd' with importer (TextureImporter)
Imported 'GUID: 066619c9c9c84f89acb1b48c11a7efe2' -> (Import Result ID: 'ee6dcbf1d578765595fddcb60a98048c') in 0.003 seconds [static and dynamic dependencies]. Details - ImportResultOutputID=04efde2f1a8f07819f74d5d6ad109d83 DependenciesID=dd9858673cffdc5d8639327862cb5e4b StaticDependenciesID=4bdad9f5071ddadc60126fb2c9858329 
Importing 'GUID: a7ec9e7ad8b847b7ae4510af83c5d868 - Path: Packages/com.unity.ugui/Editor Resources/Gizmos/TMP - Dropdown Icon.psd' with importer (TextureImporter)
Imported 'GUID: a7ec9e7ad8b847b7ae4510af83c5d868' -> (Import Result ID: 'bac9f0d5c5aac10899c031820753bdb5') in 0.003 seconds [static and dynamic dependencies]. Details - ImportResultOutputID=c2213d370bd4d602ca4fcec2465bafb1 DependenciesID=90af502d3d1507c71d19dd0653591ca7 StaticDependenciesID=8d13e25eced332281b89ef86fdddb88d 
Importing 'GUID: c76700ea0062413d9f69409b4e9e151b - Path: Packages/com.unity.ugui/Editor Resources/Textures/btn_AlignCenterGeo.psd' with importer (TextureImporter)
Imported 'GUID: c76700ea0062413d9f69409b4e9e151b' -> (Import Result ID: '3acd9fb5c30ccf68ff2bad5df83cb099') in 0.003 seconds [static and dynamic dependencies]. Details - ImportResultOutputID=c5d5123d41007ad054a3961324103d57 DependenciesID=eb5b010c9e3847d2b751b4e1f169225b StaticDependenciesID=8da660e34ca33c147ccf1fcc2ea5749c 
Importing 'GUID: 18775b51e3bd42299fd30bd036ea982f - Path: Packages/com.unity.ugui/Editor Resources/Textures/btn_AlignBaseLine_Light.psd' with importer (TextureImporter)
Imported 'GUID: 18775b51e3bd42299fd30bd036ea982f' -> (Import Result ID: '19617aa97d699b3b57512a4d23bafa20') in 0.002 seconds [static and dynamic dependencies]. Details - ImportResultOutputID=4e5310f13936fd317b55212d170f11f2 DependenciesID=8e9b2bdace2d3ed209d41be344b60ec8 StaticDependenciesID=5f7059750c1c8d9726a36c644757883b 
Importing 'GUID: 48d034c499ee4697af9dd6e327110249 - Path: Packages/com.unity.ugui/Editor Resources/Textures/btn_AlignTop.psd' with importer (TextureImporter)
Imported 'GUID: 48d034c499ee4697af9dd6e327110249' -> (Import Result ID: 'd2e91f946e056da089329f823f5d33a7') in 0.003 seconds [static and dynamic dependencies]. Details - ImportResultOutputID=9cfa3699b8b968dac7dc5a73117a83b0 DependenciesID=f400c8122a758392a87222a4b16652e9 StaticDependenciesID=0160dfa8864f597edcc5d7a25ba5fb91 
Importing 'GUID: 585b70cb75dd43efbfead809c30a1731 - Path: Packages/com.unity.ugui/Editor Resources/Textures/btn_AlignBottom_Light.psd' with importer (TextureImporter)
Imported 'GUID: 585b70cb75dd43efbfead809c30a1731' -> (Import Result ID: '273b286249f3ab2b47a146ae43d631fd') in 0.003 seconds [static and dynamic dependencies]. Details - ImportResultOutputID=b272b65f5ca5c43d7110ba913dace812 DependenciesID=e9bcc1c636edd07d5ba0b855be29a726 StaticDependenciesID=6225329215a4aac3c3cda3aef4e7cf49 
Importing 'GUID: 49679f302ac6408697f6b9314a38985c - Path: Packages/com.unity.ugui/Editor Resources/Textures/btn_AlignCapLine_Light.psd' with importer (TextureImporter)
Imported 'GUID: 49679f302ac6408697f6b9314a38985c' -> (Import Result ID: '7d56c5d6255e8dc95d3bfde3aba33e3b') in 0.003 seconds [static and dynamic dependencies]. Details - ImportResultOutputID=d3f6961a088012202307dc3f8dab0022 DependenciesID=6f9d2308a61c35fa18c17153c48e9434 StaticDependenciesID=caefcec09aea723108da504b7e8f7279 
Importing 'GUID: 691475c57a824010be0c6f474caeb7e1 - Path: Packages/com.unity.ugui/Editor Resources/Textures/btn_AlignFlush.psd' with importer (TextureImporter)
Imported 'GUID: 691475c57a824010be0c6f474caeb7e1' -> (Import Result ID: 'ac0c96d2085c5a5958d83b2bad55bc3a') in 0.002 seconds [static and dynamic dependencies]. Details - ImportResultOutputID=129aa10b1baec789d4e47c987b9a7aa7 DependenciesID=bffcbaa8620440130b8b415c5a54e8df StaticDependenciesID=4765bfa9481017c7d1fa0b6a0fbdd59d 
Importing 'GUID: 6ace62d30f494c948b71d5594afce11d - Path: Packages/com.unity.ugui/Editor Resources/Textures/btn_AlignCenter_Light.psd' with importer (TextureImporter)
Imported 'GUID: 6ace62d30f494c948b71d5594afce11d' -> (Import Result ID: 'ff202ba59fbbb2e17239452c5b874ceb') in 0.003 seconds [static and dynamic dependencies]. Details - ImportResultOutputID=039c12cd6f946151dedb9878a8a670a1 DependenciesID=c349d7c5b01034bf15453127db377f06 StaticDependenciesID=068ccfc6fab2af60d535632b923e407f 
Importing 'GUID: ca51b19024094d1b87f3e07edb0a75fb - Path: Packages/com.unity.ugui/Editor Resources/Textures/btn_AlignBottom.psd' with importer (TextureImporter)
Imported 'GUID: ca51b19024094d1b87f3e07edb0a75fb' -> (Import Result ID: 'e505f6a6ac4136e6d60f44c8b84cf82c') in 0.002 seconds [static and dynamic dependencies]. Details - ImportResultOutputID=d00826c8a27de6e1b387ba525107ba8f DependenciesID=59d9642e522a3ebb9037233335a88d00 StaticDependenciesID=8e274978f3fec035dab9e98243169499 
Importing 'GUID: fa6bd40a216346b783a4cce741d277a5 - Path: Packages/com.unity.ugui/Editor Resources/Textures/btn_AlignJustified_Light.psd' with importer (TextureImporter)
Imported 'GUID: fa6bd40a216346b783a4cce741d277a5' -> (Import Result ID: 'c81fdcf57f8a80d76007e0a45e697749') in 0.003 seconds [static and dynamic dependencies]. Details - ImportResultOutputID=cf06e0bb9103f407cf748ef1c5fe06b7 DependenciesID=32cb076982141ddff498c1ce4bb00e77 StaticDependenciesID=9620f8a1b9a63fd80993828e7d337524 
Importing 'GUID: 8bc445bb79654bf496c92d0407840a92 - Path: Packages/com.unity.ugui/Editor Resources/Textures/btn_AlignBaseLine.psd' with importer (TextureImporter)
Imported 'GUID: 8bc445bb79654bf496c92d0407840a92' -> (Import Result ID: '678d64e32947f84ee78ce68de64ae54a') in 0.003 seconds [static and dynamic dependencies]. Details - ImportResultOutputID=5caf3dfe7b3d2ec4e8f47ac8993efcb0 DependenciesID=8ef46f5042c63de0a736b2709b94f616 StaticDependenciesID=18408eb548eb816ff70d53988db21494 
Importing 'GUID: bb42b2d967d6427983c901a4ffc8ecd9 - Path: Packages/com.unity.ugui/Editor Resources/Textures/btn_AlignMidline_Light.psd' with importer (TextureImporter)
Imported 'GUID: bb42b2d967d6427983c901a4ffc8ecd9' -> (Import Result ID: '1425b3ab7bd595eadc120ddcf400a4a1') in 0.003 seconds [static and dynamic dependencies]. Details - ImportResultOutputID=ebfa96cf30ab5462ce4942be83ec7ed0 DependenciesID=60cbf71066eec6adadeab055934a20b8 StaticDependenciesID=922185cb8dc159b6f094400508167933 
Importing 'GUID: fb5730e24283d0c489e5c7d0bee023d9 - Path: Packages/com.unity.ugui/Editor Resources/Textures/SectionHeader_Dark.psd' with importer (TextureImporter)
Imported 'GUID: fb5730e24283d0c489e5c7d0bee023d9' -> (Import Result ID: 'dfc88a8dbe67c7c897ab6c1e45bd500e') in 0.003 seconds [static and dynamic dependencies]. Details - ImportResultOutputID=2de742812243851da31d8715e003881e DependenciesID=648fb1148c00919553ffce1b4acba7a7 StaticDependenciesID=6e17f87e3aae37eb1a7df222edf1e03f 
Importing 'GUID: ec7c645d93308c04d8840982af12101e - Path: Packages/com.unity.ugui/Editor Resources/Gizmos/TMP - Sprite Asset Icon.psd' with importer (TextureImporter)
Imported 'GUID: ec7c645d93308c04d8840982af12101e' -> (Import Result ID: 'e771226787f63c1bdd0553335a0ccd58') in 0.003 seconds [static and dynamic dependencies]. Details - ImportResultOutputID=722af7d30995f133609c985cb4398aa3 DependenciesID=16d1bd16b4cc4519e684ea3b9376ef28 StaticDependenciesID=71d77da5a7d0a0008380afaf33528e00 
Importing 'GUID: 0d9a36012a224080966c7b55896aa0f9 - Path: Packages/com.unity.ugui/Editor Resources/Textures/btn_AlignCapLine.psd' with importer (TextureImporter)
Imported 'GUID: 0d9a36012a224080966c7b55896aa0f9' -> (Import Result ID: '942d710833648935f84a49c51f30c55e') in 0.003 seconds [static and dynamic dependencies]. Details - ImportResultOutputID=10c0f80364bd864e9bd23f014c52434b DependenciesID=04b6eecc2d0f28e9d815811234a03d18 StaticDependenciesID=3abbc4605984f119e5f0325e5585800e 
Importing 'GUID: ed041e68439749a69d0efa0e3d896c2e - Path: Packages/com.unity.ugui/Editor Resources/Textures/btn_AlignTop_Light.psd' with importer (TextureImporter)
Imported 'GUID: ed041e68439749a69d0efa0e3d896c2e' -> (Import Result ID: '2ad1e5bc2e0d3c5b1c9dc5998fe6f71f') in 0.002 seconds [static and dynamic dependencies]. Details - ImportResultOutputID=bc1ca21fba07abc4f992a29ed1e9de3b DependenciesID=25d6a30f5651bf161e30918acf490325 StaticDependenciesID=9b681875e46b156a7ccd904e7bcdefbb 
Importing 'GUID: 3ee40aa79cd242a5b53b0b0ca4f13f0f - Path: Packages/com.unity.ugui/Editor Resources/Gizmos/TMP - Input Field Icon.psd' with importer (TextureImporter)
Imported 'GUID: 3ee40aa79cd242a5b53b0b0ca4f13f0f' -> (Import Result ID: 'c26340c3e85e451a04147dc7c7f0351c') in 0.003 seconds [static and dynamic dependencies]. Details - ImportResultOutputID=d1d4aea0d4ea478c1c7bdb96282c84db DependenciesID=a35818a9790767230aeb68fe17f9b9ca StaticDependenciesID=8ce879d1c550b9c9d8b2b87679ee8207 
Importing 'GUID: ee148e281f3c41c5b4ff5f8a5afe5a6c - Path: Packages/com.unity.ugui/Editor Resources/Gizmos/TMP - Font Asset Icon.psd' with importer (TextureImporter)
Imported 'GUID: ee148e281f3c41c5b4ff5f8a5afe5a6c' -> (Import Result ID: '91a76e4165d648ba497d7843a25d1743') in 0.004 seconds [static and dynamic dependencies]. Details - ImportResultOutputID=a8d2c82df69fe72aa91daace2492af4d DependenciesID=46d3f00ccf4f653100a690e3d8cf37c0 StaticDependenciesID=31a557f0f0a0e9460a546b8c9f4eea6e 
Importing 'GUID: 2fd6421f253b4ef1a19526541f9ffc0c - Path: Packages/com.unity.ugui/Editor Resources/Gizmos/TMP - Text Component Icon.psd' with importer (TextureImporter)
Imported 'GUID: 2fd6421f253b4ef1a19526541f9ffc0c' -> (Import Result ID: 'dbefabbdc42b4111ba4f92e6a6d76956') in 0.003 seconds [static and dynamic dependencies]. Details - ImportResultOutputID=992de6adb267bde1579e9022305647e1 DependenciesID=e89b8ed6a8097bce09d16a07c617cdcb StaticDependenciesID=1c4e55390e2f82778d7fb6ab4552a6bd 
Importing 'GUID: abe6991365a27d341a10580f3b7c0f44 - Path: Packages/com.unity.ugui/Editor Resources/Shaders/TMP_SDF_SSD.cginc' with importer (ShaderIncludeImporter)
Imported 'GUID: abe6991365a27d341a10580f3b7c0f44' -> (Import Result ID: '08c8525f9175280739183736520a164b') in 0.003 seconds [static dependencies only]. Details - ImportResultOutputID=e2ffcc5f3f3567bf2339dee0e44b2a1a DependenciesID=08cd11ccf680db60b23a09bc3c270c38 StaticDependenciesID=10ceed049b503a209a01e486fa3737e0 
Importing 'GUID: 3c6c403084eacec478a1129ce20061ea - Path: Packages/com.unity.ugui/Editor Resources/Shaders/TMP_Properties.cginc' with importer (ShaderIncludeImporter)
Imported 'GUID: 3c6c403084eacec478a1129ce20061ea' -> (Import Result ID: 'db997639c978be03d6a490cc2fe346b8') in 0.002 seconds [static dependencies only]. Details - ImportResultOutputID=3f1c6854e6ecba6bc6f0c8f9f359ecd4 DependenciesID=9f234cac92cf85cdbd65506428d0f7c3 StaticDependenciesID=756f153b8decae8f07b9f272328c6eb4 
Importing 'GUID: 9c442dc870b456e48b615cd8add0e9ef - Path: Packages/com.unity.ugui/Editor Resources/Shaders/TMP_SDF Internal Editor.shader' with importer (ShaderImporter)
Launched and connected shader compiler UnityShaderCompiler.exe after 0.01 seconds
Imported 'GUID: 9c442dc870b456e48b615cd8add0e9ef' -> (Import Result ID: '6606a1a55ceaf62728649f7ab3a48a66') in 0.042 seconds [static and dynamic dependencies]. Details - ImportResultOutputID=fc4aaa225c134e1b9ede1086f8e2452e DependenciesID=ef854433e441cb0b0b4f41d04ee490f4 StaticDependenciesID=07d0d5dce8809f98da3ed5f6a6b3810e 
Importing 'GUID: 40bf3cec17fa0b49fe04443c8332d638 - Path: Packages/com.unity.modules.jsonserialize/package.json' with importer (PackageManifestImporter)
Imported 'GUID: 40bf3cec17fa0b49fe04443c8332d638' -> (Import Result ID: 'dc74478dc2f485010c09954444c98194') in 0.003 seconds [static dependencies only]. Details - ImportResultOutputID=891918617c984cf929da287de3b28243 DependenciesID=524dced8f9c0c46e1d588e7a9474a18d StaticDependenciesID=b59c7ab5c87288ceda6dd56f34a61b18 
Importing 'GUID: 80beef77cb19e713c7c2d481b65ed485 - Path: Packages/com.unity.modules.screencapture/package.json' with importer (PackageManifestImporter)
Imported 'GUID: 80beef77cb19e713c7c2d481b65ed485' -> (Import Result ID: '40284b2f6ac03e3c1f0319ad2de0d592') in 0.002 seconds [static dependencies only]. Details - ImportResultOutputID=983250a2dc621a762e73ead2ce94efd8 DependenciesID=8e2e5e210ea5303aae0d9c94826b11c6 StaticDependenciesID=c244387a612b232878d621294bb55c24 
Importing 'GUID: d0e3ad91972c66f5238f5b9b7d5ae58a - Path: Packages/com.unity.modules.unitywebrequesttexture/package.json' with importer (PackageManifestImporter)
Imported 'GUID: d0e3ad91972c66f5238f5b9b7d5ae58a' -> (Import Result ID: 'b621ba6139909d8442e35d1d7718c9a5') in 0.002 seconds [static dependencies only]. Details - ImportResultOutputID=50532d8986b57e8cf0f67d010ae5faa9 DependenciesID=32b938d165224a703beb063403f94944 StaticDependenciesID=9da613ee2b9ef1bce0abd958a1dc87ec 
Importing 'GUID: e0ae6629cc70b514889df37fccb76832 - Path: Packages/com.unity.ugui/README.md' with importer (TextScriptImporter)
Imported 'GUID: e0ae6629cc70b514889df37fccb76832' -> (Import Result ID: '663e8375886f8c1198921d298275dfb9') in 0.003 seconds [static dependencies only]. Details - ImportResultOutputID=e372dbcb867529f2c4f22e24ad4af854 DependenciesID=3c59f91060dfdb53cd5d13772b73248e StaticDependenciesID=0e77767d89645a8f22d8e88d714ea11b 
Importing 'GUID: 319b8889f363f5947acf209c17a94149 - Path: Packages/com.unity.ugui/package.json' with importer (PackageManifestImporter)
Imported 'GUID: 319b8889f363f5947acf209c17a94149' -> (Import Result ID: '267f4a56b72601e0a86c1aade395db18') in 0.002 seconds [static dependencies only]. Details - ImportResultOutputID=5b6ae5fb292bd8d7fb20de3b752e521a DependenciesID=5168ef5dec85bd1823b7c56ebc88260a StaticDependenciesID=6f650b5bca82a4759799f0ef4d2cf89b 
Importing 'GUID: e1ef8466c8fd01a549f10baa4d51fa17 - Path: Packages/com.unity.modules.assetbundle/package.json' with importer (PackageManifestImporter)
Imported 'GUID: e1ef8466c8fd01a549f10baa4d51fa17' -> (Import Result ID: 'ec6fee1f0c2d381b39ff1115c6f942ec') in 0.002 seconds [static dependencies only]. Details - ImportResultOutputID=c14d0c80429a1b2e07a8aa59da3e090e DependenciesID=a3792c15aed70d7464df409c1c0bb21a StaticDependenciesID=696289b7988734643a818e8f6583aa0a 
Importing 'GUID: 42fe78c8fe682715a2cb531422e6ccb3 - Path: Packages/com.unity.modules.imgui/package.json' with importer (PackageManifestImporter)
Imported 'GUID: 42fe78c8fe682715a2cb531422e6ccb3' -> (Import Result ID: '4aa81f0764ac01e969684679d10380c9') in 0.002 seconds [static dependencies only]. Details - ImportResultOutputID=f3517442a7b9f2e47ee8fa5d575508d6 DependenciesID=71f2082766b933690e9c4a0289669571 StaticDependenciesID=4d880b72f9a8cee82e3213d6b75f80e2 
Importing 'GUID: 05f5bfd584002f948982a1498890f9a9 - Path: Packages/com.unity.ugui/PackageConversionData.json' with importer (TextScriptImporter)
Imported 'GUID: 05f5bfd584002f948982a1498890f9a9' -> (Import Result ID: 'f6aa43cd75e48c8b152cb335d590e48f') in 0.002 seconds [static dependencies only]. Details - ImportResultOutputID=5eec638ae99a7edcb4f82e41b05f8a27 DependenciesID=487c39f7aab1ffc4e046d229fddfd7a8 StaticDependenciesID=952e69d160217ba7192965c1c340aa2c 
Importing 'GUID: 05f7f519769978b79b31d063a7fc6fa1 - Path: Packages/com.unity.modules.unitywebrequestassetbundle/package.json' with importer (PackageManifestImporter)
Imported 'GUID: 05f7f519769978b79b31d063a7fc6fa1' -> (Import Result ID: 'a2428138bb98233944a2aafe3d6068e3') in 0.003 seconds [static dependencies only]. Details - ImportResultOutputID=a676fdc87741fdb3d4562c9b189a12fc DependenciesID=aabd8b0ccbf47161a492481a46662859 StaticDependenciesID=5c7167364987969ddac6803c68b62994 
Importing 'GUID: 953fab16d15d5885b3600fcd6388b2ad - Path: Packages/com.unity.modules.imageconversion/package.json' with importer (PackageManifestImporter)
Imported 'GUID: 953fab16d15d5885b3600fcd6388b2ad' -> (Import Result ID: 'eab50940bd9f5b093e9eda2bf36c835a') in 0.002 seconds [static dependencies only]. Details - ImportResultOutputID=21af7c3c6098e54697c36eeb0f93f731 DependenciesID=8ced61bcf47a53b3c5905f4090a8f299 StaticDependenciesID=4d043332e4c17c1d228b0d8179869c0b 
Importing 'GUID: b5930dbc378b45d406aeb881f06b6dfa - Path: Packages/com.unity.modules.physicscore2d/package.json' with importer (PackageManifestImporter)
Imported 'GUID: b5930dbc378b45d406aeb881f06b6dfa' -> (Import Result ID: 'b51bbb9c5b98ded89b72d33ee557b0fc') in 0.002 seconds [static dependencies only]. Details - ImportResultOutputID=17eebdd45c9292f6cb08e3796d0e3496 DependenciesID=5b1bc71c32d10ce6947fcfc3045f7e27 StaticDependenciesID=664b17d6e972722642f9984854123fd2 
Importing 'GUID: 96d14b71b907bb52333b2886e665aba6 - Path: Packages/com.unity.modules.video/package.json' with importer (PackageManifestImporter)
Imported 'GUID: 96d14b71b907bb52333b2886e665aba6' -> (Import Result ID: '1c92b7bcd5476f86035b28a57a9985c9') in 0.002 seconds [static dependencies only]. Details - ImportResultOutputID=97331c0a394344b81f304a267aa0ee32 DependenciesID=125111c6b1feee1f879efe833d44ed95 StaticDependenciesID=aa1c2b44ae1e74931e0ca7df3ec20c71 
Importing 'GUID: 87d720faa37005c08600090e04d8c739 - Path: Packages/com.unity.modules.particlesystem/package.json' with importer (PackageManifestImporter)
Imported 'GUID: 87d720faa37005c08600090e04d8c739' -> (Import Result ID: '2e9f4521bca9c1865042742c5b1e4cc9') in 0.003 seconds [static dependencies only]. Details - ImportResultOutputID=ab3ee686cd4ed15f5f20d2c8a27562c1 DependenciesID=8502a938c7a4810364469d926ee09ae4 StaticDependenciesID=2fb71a650dacf458b8746320c54d56d4 
Importing 'GUID: f7a8357347c80dc69c08d0b1a05e2122 - Path: Packages/com.unity.modules.physics2d/package.json' with importer (PackageManifestImporter)
Imported 'GUID: f7a8357347c80dc69c08d0b1a05e2122' -> (Import Result ID: 'bafead4f8ec7c5f239150d6e9c0c9dce') in 0.002 seconds [static dependencies only]. Details - ImportResultOutputID=919e2a11128050effa789097769a2a78 DependenciesID=630c9fc2548870db888e618fccce2fec StaticDependenciesID=da48bb7bff659db2a18109d0117e6b3e 
Importing 'GUID: c851bee4305bddf438cc6ffc515991ce - Path: Packages/com.unity.ugui/CHANGELOG.md' with importer (TextScriptImporter)
Imported 'GUID: c851bee4305bddf438cc6ffc515991ce' -> (Import Result ID: 'aa6ad949289b0abfc77e2a60013c399e') in 0.003 seconds [static dependencies only]. Details - ImportResultOutputID=1564753c8a5b332d7dc32e5d6570cca2 DependenciesID=097d60947ce27abfec8a46bb06501a82 StaticDependenciesID=46c4174d059f8ae4e6271f9343fa2321 
Importing 'GUID: e9df95f53f1c1d0c9199e235d6c42b50 - Path: Packages/com.unity.modules.audio/package.json' with importer (PackageManifestImporter)
Imported 'GUID: e9df95f53f1c1d0c9199e235d6c42b50' -> (Import Result ID: '2d2e957f4839dae1509d5bfe16a67dc5') in 0.002 seconds [static dependencies only]. Details - ImportResultOutputID=7bff69c037aa519a654c229c1b6809dd DependenciesID=bbbe179b0f7a387cc5e06d23de59dc61 StaticDependenciesID=e44769c2a101a8e3bc38974302a225f8 
Importing 'GUID: 1a4266815e998967becf686f9c71f0a6 - Path: Packages/com.unity.modules.physics/package.json' with importer (PackageManifestImporter)
Imported 'GUID: 1a4266815e998967becf686f9c71f0a6' -> (Import Result ID: '055d3a4f59480e2a32caad607ffa27d5') in 0.002 seconds [static dependencies only]. Details - ImportResultOutputID=2c72742771a2c41ecd040e5a25968787 DependenciesID=bdc8602b909bd97540f8182571ab9f31 StaticDependenciesID=b125306088622e4408f44addb4a60213 
Importing 'GUID: fa27413e9edb06a6058d6c894eca0338 - Path: Packages/com.unity.modules.unitywebrequestwww/package.json' with importer (PackageManifestImporter)
Imported 'GUID: fa27413e9edb06a6058d6c894eca0338' -> (Import Result ID: '8aff4d3bde27cada86a76f1f99f1448a') in 0.002 seconds [static dependencies only]. Details - ImportResultOutputID=ef4111052f639e700ab30e1188cae7f8 DependenciesID=64abdf9a39b495239060d15622b19f6c StaticDependenciesID=97a6dd1d7e0e608aee09209f7f2b4d99 
Importing 'GUID: 4b518b37798c97b0f860962cbf615533 - Path: Packages/com.unity.modules.unitywebrequestaudio/package.json' with importer (PackageManifestImporter)
Imported 'GUID: 4b518b37798c97b0f860962cbf615533' -> (Import Result ID: '6a3bdfbd56c9e6c8fe0479025913647e') in 0.002 seconds [static dependencies only]. Details - ImportResultOutputID=91f22434b9ab55a5c83f3c60940e8474 DependenciesID=73df2ace5f4f3360912ea6171610c121 StaticDependenciesID=53c953cd0acf9b05670731dce566b073 
Importing 'GUID: 9b1a5759726ef9d39a0ab82047b615f1 - Path: Packages/com.unity.modules.hierarchycore/package.json' with importer (PackageManifestImporter)
Imported 'GUID: 9b1a5759726ef9d39a0ab82047b615f1' -> (Import Result ID: 'fa148ed711bd3e080a8e835b177c5c6f') in 0.002 seconds [static dependencies only]. Details - ImportResultOutputID=1299c778185973c2d3f2bb276cd8d0e7 DependenciesID=6b51779d84b5eaf6d804da9781a2705a StaticDependenciesID=47355a3424173941f09b40fa4a0e4c37 
Importing 'GUID: ec02776fe29df900b897106d61977735 - Path: Packages/com.unity.modules.director/package.json' with importer (PackageManifestImporter)
Imported 'GUID: ec02776fe29df900b897106d61977735' -> (Import Result ID: 'c105d0537bd11edb8fdfd5649d0e00da') in 0.002 seconds [static dependencies only]. Details - ImportResultOutputID=d3cc052d8f895db30a66424de2b1783d DependenciesID=7d93a6263b7f32b08c02e969a68769cd StaticDependenciesID=995e7b4ac97d7d0755f57739f9902f1e 
Importing 'GUID: 4d3d51749e989f747b2674e0b4d9b3d7 - Path: Packages/com.unity.ugui/LICENSE.md' with importer (TextScriptImporter)
Imported 'GUID: 4d3d51749e989f747b2674e0b4d9b3d7' -> (Import Result ID: '77814971a10dbe75136787d304114031') in 0.002 seconds [static dependencies only]. Details - ImportResultOutputID=a63b6dbba38e2df053a1afb5e5f27b0d DependenciesID=9d7cb8d7eeb9fe82b3009f665230b89a StaticDependenciesID=345cfb86d6a607d3328652f0d2ab698a 
Importing 'GUID: 0e0afa652c0031c48896a97b424d027b - Path: Packages/com.unity.ugui/PackageConversionData_Assets.json' with importer (TextScriptImporter)
Imported 'GUID: 0e0afa652c0031c48896a97b424d027b' -> (Import Result ID: '03a7c00c8f94d69236ae0a74b84f5b91') in 0.002 seconds [static dependencies only]. Details - ImportResultOutputID=1c704b850f8573286bfa1a80c5c8b511 DependenciesID=62883c0ba5c4a7e1a673a90e871d4d96 StaticDependenciesID=d51e229e029e6d0b0724b2f9f5d74c58 
Importing 'GUID: 7ef8348b8ea834d7e1bc214b07f7fb87 - Path: Packages/com.unity.modules.animation/package.json' with importer (PackageManifestImporter)
Imported 'GUID: 7ef8348b8ea834d7e1bc214b07f7fb87' -> (Import Result ID: 'aa73f4f9a81bb9f1a72e79a3cd4911c5') in 0.002 seconds [static dependencies only]. Details - ImportResultOutputID=71365924848c115c14d4e8a430945e5d DependenciesID=7ef63017efdd83a1108a0552f5da04f6 StaticDependenciesID=01f29a190f6e79cbc51d5448fb8d4436 
Importing 'GUID: 3fdd83b151eb8d25c5e2f82fc39dcb04 - Path: Packages/com.unity.modules.unitywebrequest/package.json' with importer (PackageManifestImporter)
Imported 'GUID: 3fdd83b151eb8d25c5e2f82fc39dcb04' -> (Import Result ID: 'e59db8c48f1c6fc224861371ef84ee98') in 0.002 seconds [static dependencies only]. Details - ImportResultOutputID=609e642c4d5fd6e0b6d325d2f170eb1c DependenciesID=8d95c7e221f42c1b21093d8de29a9f14 StaticDependenciesID=464feb2dc08708dd25b5d93d953930bd 
Importing 'GUID: 4f0f9b9f3ed97ad2b9ba8f1a8e4666c2 - Path: Packages/com.unity.modules.uielements/package.json' with importer (PackageManifestImporter)
Imported 'GUID: 4f0f9b9f3ed97ad2b9ba8f1a8e4666c2' -> (Import Result ID: '5e5f6fd610a7e9756e33a1fa20f77ff8') in 0.002 seconds [static dependencies only]. Details - ImportResultOutputID=14c0f2b1b250cec076c4d9c62abdd5a9 DependenciesID=8d79c327733e196cccd7d98169c6611b StaticDependenciesID=59ff60bd856a86cad536fba24ca015fb 
Importing 'GUID: bfd567a3d1631a761bca9e99fa53d86d - Path: Packages/com.unity.modules.ui/package.json' with importer (PackageManifestImporter)
Imported 'GUID: bfd567a3d1631a761bca9e99fa53d86d' -> (Import Result ID: '2a7f4eb07cbf4c89cfee9f1bf250e630') in 0.002 seconds [static dependencies only]. Details - ImportResultOutputID=7bb9b76f93faf76244e454a1fca49870 DependenciesID=1ceefbeb770380c5e76c8628d359d577 StaticDependenciesID=ec1ea40555be2d91f84419406494df6b 
Starting new worker id: 0 with log in C:/Users/DreamNight/Documents/01My/personal/TowerDefenseUnity/.reports/validation-project/Logs/AssetImportWorkerHW0.log
Launched and connected shader compiler UnityShaderCompiler.exe after 0.02 seconds
Launched and connected shader compiler UnityShaderCompiler.exe after 0.01 seconds

Asset Pipeline Refresh (id=96b9e2b45d341694d81cd28d8aa0116b): Total: 10.949 seconds - Initiated by InitialRefreshV2(ForceSynchronousImport)
	(Values over 0.05ms)
	Summary:
		Imports: total=158 (actual=158, local cache=0, cache server=0)
		Asset DB Process Time: managed=9 ms, native=1757 ms
		Asset DB Callback time: managed=55 ms, native=3687 ms
		Scripting: domain reloads=1, domain reload time=415 ms, compile time=5013 ms, other=9 ms
		Project Asset Count: scripts=184, non-scripts=214
		Asset File Changes: new=268, changed=276, moved=0, deleted=3
		Scan Filter Count: 0
	InvokePackagesCallback: 3538.259ms
	ApplyChangesToAssetFolders: 0.498ms
	Scan: 358.275ms
	Collect global state as custom dependencies: 9.119ms
	OnSourceAssetsModified: 2.389ms
	CategorizeScriptCompilationAssets: 1.033ms
	ProcessAssetsWithTransientArtifactChanges: 7.540ms
	CategorizeAssets: 4.168ms
	CompileScripts: 5012.550ms
	ImportOutOfDateAssets: 781.855ms (335.036ms without children)
		ImportManagerImport: 431.458ms (7.860ms without children)
			UpdateCategorizedAssets: 0.484ms
		UnloadImportedAssets: 0.361ms
		ReloadImportedAssets: 0.062ms
		EnsureUptoDateAssetsAreRegisteredWithGuidPM: 0.113ms
		ImportSchedulerStart: 14.871ms
	PostProcessAllAssets: 228.617ms
		ShaderAssetModifiedCallback 79.258ms
		VCAutoAddAssetPostprocess 1.295ms
		AssemblyValidation.PostprocessAllAssets 1.028ms
		PostProcessCallbackCreateDeferredMaterials 0.647ms
		VersionControlSettings.HiddenFilePostprocess 0.630ms
		ComputeShaderImportPostprocess 0.409ms
		RaytracingShaderImportPostprocess 0.262ms
		SpeedTreeImporter.PostprocessAllAssets 0.218ms
		LocalizationDatabase.AssetDatabasePostprocessCallback 0.180ms
		BlockShaderImporter.PostprocessAllAssets 0.141ms
		MonoPostProcessAllAssets: 54.811ms
			StyleCatalogPostProcessor.OnPostprocessAllAssets 13.379ms
			AssetPostprocessor.OnPostprocessAllAssets 12.592ms
			WindowAssetPostprocessingWatcher.OnPostprocessAllAssets 5.715ms
			BuilderAssetPostprocessor.OnPostprocessAllAssets 4.132ms
			AssetChangedListener.OnPostprocessAllAssets 1.995ms
			TextAssetPostProcessor.OnPostprocessAllAssets 1.837ms
			SyncVS.PostprocessSyncProject 1.068ms
			EditModeScopePostprocessor.OnPostprocessAllAssets 1.030ms
			RetainedModeAssetPostprocessor.OnPostprocessAllAssets 0.946ms
			SpeedTree9Postprocessor.OnPostprocessAllAssets 0.738ms
			ArtifactBrowserPostProcessor.OnPostprocessAllAssets 0.449ms
			AudioMixerPostprocessor.OnPostprocessAllAssets 0.215ms
			TMPro_TexturePostProcessor.OnPostprocessAllAssets 0.215ms
			ReferencedClipsPostProcessor.OnPostprocessAllAssets 0.214ms
			AssetEvents.OnPostprocessAllAssets 0.202ms
			TerrainToolbarOverlayPostProcessor.OnPostprocessAllAssets 0.193ms
			AssetDatabaseCallbacks.OnPostprocessAllAssets 0.156ms
			SpeedTreePostProcessor.OnPostprocessAllAssets 0.127ms
			ConfigAssetsTracker.OnPostprocessAllAssets 0.094ms
			ScenarioDriftAssetsTracker.OnPostprocessAllAssets 0.085ms
			RenderPipelineGlobalSettingsPostprocessor.OnPostprocessAllAssets 0.081ms
			AudioContainerPostProcessor.OnPostprocessAllAssets 0.056ms
	PostAssetChangesProfiler: 1.026ms
	UnloadStreamsBegin: 1.824ms
	PersistCurrentRevisions: 0.170ms
	GenerateScriptTypeHashes: 0.455ms
	GenerateScriptTypeSerializationHashes: 1.369ms
	Untracked: 997.091ms

Application.AssetDatabase Initial Refresh End
Scanning for USB devices : 4.148ms
Initializing Unity extensions:
[MODES] ModeService[none].Initialize
[MODES] ModeService[none].LoadModes
[MODES] Loading mode Default (0) for mode-current-id-TowerDefenseUnity
Unloading 3 Unused Serialized files (Serialized files now loaded: 0)
Unloading 463 unused Assets / (0.7 MB). Loaded Objects now: 1275.
Memory consumption went from 216.9 MB to 216.3 MB.
Total: 4.632900 ms (FindLiveObjects: 0.101800 ms CreateObjectMapping: 0.060400 ms MarkObjects: 4.140900 ms  DeleteObjects: 0.327700 ms)

TOUHOU_VERIFY PASS: five music assets and orthogonal routes
UnityEngine.Debug:ExtractStackTraceNoAlloc (byte*,int,string)
UnityEngine.StackTraceUtility:ExtractStackTrace ()
UnityEngine.DebugLogHandler:Internal_Log (UnityEngine.LogType,UnityEngine.LogOption,string,UnityEngine.Object)
UnityEngine.DebugLogHandler:LogFormat (UnityEngine.LogType,UnityEngine.Object,string,object[])
UnityEngine.Logger:Log (UnityEngine.LogType,object)
UnityEngine.Debug:Log (object)
BattleUiVerification:Run () (at Assets/Editor/BattleUiVerification.cs:40)
BattleUiPlayVerification:Run () (at Assets/Editor/BattleUiPlayVerification.cs:23)

(Filename: Assets/Editor/BattleUiVerification.cs Line: 40)

BATTLE_UI_VERIFY PASS: neutral button base; minimum reference canvas preserved
UnityEngine.Debug:ExtractStackTraceNoAlloc (byte*,int,string)
UnityEngine.StackTraceUtility:ExtractStackTrace ()
UnityEngine.DebugLogHandler:Internal_Log (UnityEngine.LogType,UnityEngine.LogOption,string,UnityEngine.Object)
UnityEngine.DebugLogHandler:LogFormat (UnityEngine.LogType,UnityEngine.Object,string,object[])
UnityEngine.Logger:Log (UnityEngine.LogType,object)
UnityEngine.Debug:Log (object)
BattleUiVerification:Run () (at Assets/Editor/BattleUiVerification.cs:41)
BattleUiPlayVerification:Run () (at Assets/Editor/BattleUiPlayVerification.cs:23)

(Filename: Assets/Editor/BattleUiVerification.cs Line: 41)

[Project] Loading completed in 13.904 seconds
	Project init time: 				13.460 seconds
		Template init time: 		0.000 seconds
		Package Manager init time: 		1.126 seconds
		Asset Database init time: 		0.138 seconds
		Global illumination init time: 	0.002 seconds
		Assemblies load time: 			0.775 seconds
		Unity extensions init time: 	0.001 seconds
		Asset Database refresh time: 	10.949 seconds
	Scene opening time: 			0.201 seconds
##utp:{"type":"ProjectInfo","version":2,"phase":"Immediate","time":1789103672300,"processId":59116,"projectLoad":13.9038147,"projectInit":13.4595432,"templateInit":0.0,"packageManagerInit":1.1262447,"assetDatabaseInit":0.1384507,"globalIlluminationInit":0.0020513,"assembliesLoad":0.7746624,"unityExtensionsInit":0.0012285,"assetDatabaseRefresh":10.9492889,"sceneOpening":0.2013028}
##utp:{"type":"EditorInfo","version":2,"phase":"Immediate","time":1789103672300,"processId":59116,"editorVersion":"6000.5.9f1 (b57deb96f08d)","branch":"6000.5/staging","buildType":"Release","platform":"Windows"}
Reloading assemblies for play mode.
Reloading assemblies after forced synchronous recompile.
Begin MonoManager ReloadAssembly
Native extension for WindowsStandalone target not found
Native extension for WebGL target not found
ScheduleIndexationOnStartup MainProcess:True IndexOnStartup:True
Mono: successfully reloaded assembly
- Finished resetting the current domain, in  0.395 seconds
Domain Reload Profiling: 763ms
	BeginReloadAssembly (205ms)
		DisableScriptedObjects (61ms)
		CreateAndSetChildDomain (56ms)
	RebuildCommonClasses (8ms)
	RebuildNativeTypeToScriptingClass (14ms)
	initialDomainReloadingComplete (43ms)
	LoadAllAssembliesAndSetupDomain (95ms)
		LoadAssemblies (66ms)
		AnalyzeDomain (6ms)
			TypeCache.Refresh (3ms)
	FinalizeReload (397ms)
		SetupLoadedEditorAssemblies (0ms)
			BeforeProcessingInitializeOnLoad (63ms)
			ProcessInitializeOnLoadAttributes (55ms)
			ProcessInitializeOnLoadMethodAttributes (56ms)
			AfterProcessingInitializeOnLoad (7ms)
		AwakeInstancesAfterBackupRestoration (29ms)

Asset Pipeline Refresh (id=71b9588dc1921494a97b01dbd0c430c8): Total: 0.894 seconds - Initiated by StopAssetImportingV2(ForceSynchronousImport | ForceDomainReload)
	(Values over 0.05ms)
	Summary:
		Imports: total=0 (actual=0, local cache=0, cache server=0)
		Asset DB Process Time: managed=0 ms, native=446 ms
		Asset DB Callback time: managed=36 ms, native=15 ms
		Scripting: domain reloads=1, domain reload time=393 ms, compile time=2 ms, other=0 ms
		Project Asset Count: scripts=184, non-scripts=214
		Asset File Changes: new=0, changed=0, moved=0, deleted=0
		Scan Filter Count: 0
	InvokePackagesCallback: 1.609ms
	ApplyChangesToAssetFolders: 0.135ms
	Collect global state as custom dependencies: 1.093ms
	ProcessAssetsWithTransientArtifactChanges: 9.750ms
	CategorizeAssets: 2.652ms
	CompileScripts: 1.685ms
	ImportOutOfDateAssets: 400.331ms (398.308ms without children)
		CollectScriptTypesHashes: 0.251ms
		ReloadNativeAssets: 0.792ms
		UnloadImportedAssets: 0.206ms
		ImportSchedulerStart: 0.973ms
	PostProcessAllAssets: 48.114ms
		PostProcessCallbackCreateDeferredMaterials 1.233ms
		ShaderAssetModifiedCallback 0.611ms
		RaytracingShaderImportPostprocess 0.217ms
		ComputeShaderImportPostprocess 0.217ms
		SpeedTreeImporter.PostprocessAllAssets 0.191ms
		LocalizationDatabase.AssetDatabasePostprocessCallback 0.113ms
		BlockShaderImporter.PostprocessAllAssets 0.095ms
		AssemblyValidation.PostprocessAllAssets 0.092ms
		MonoPostProcessAllAssets: 35.978ms
			StyleCatalogPostProcessor.OnPostprocessAllAssets 6.697ms
			AssetPostprocessor.OnPostprocessAllAssets 5.871ms
			WindowAssetPostprocessingWatcher.OnPostprocessAllAssets 5.803ms
			BuilderAssetPostprocessor.OnPostprocessAllAssets 3.928ms
			AssetChangedListener.OnPostprocessAllAssets 1.640ms
			TextAssetPostProcessor.OnPostprocessAllAssets 1.099ms
			SyncVS.PostprocessSyncProject 1.027ms
			RetainedModeAssetPostprocessor.OnPostprocessAllAssets 0.862ms
			SpeedTree9Postprocessor.OnPostprocessAllAssets 0.698ms
			ArtifactBrowserPostProcessor.OnPostprocessAllAssets 0.386ms
			EditModeScopePostprocessor.OnPostprocessAllAssets 0.370ms
			ReferencedClipsPostProcessor.OnPostprocessAllAssets 0.236ms
			TMPro_TexturePostProcessor.OnPostprocessAllAssets 0.227ms
			AudioMixerPostprocessor.OnPostprocessAllAssets 0.196ms
			AssetEvents.OnPostprocessAllAssets 0.168ms
			TerrainToolbarOverlayPostProcessor.OnPostprocessAllAssets 0.145ms
			AssetDatabaseCallbacks.OnPostprocessAllAssets 0.128ms
			SpeedTreePostProcessor.OnPostprocessAllAssets 0.115ms
			ConfigAssetsTracker.OnPostprocessAllAssets 0.089ms
			ScenarioDriftAssetsTracker.OnPostprocessAllAssets 0.084ms
			RenderPipelineGlobalSettingsPostprocessor.OnPostprocessAllAssets 0.065ms
			AudioContainerPostProcessor.OnPostprocessAllAssets 0.055ms
	PostAssetChangesProfiler: 3.833ms
	UnloadStreamsBegin: 0.128ms
	GenerateScriptTypeHashes: 1.582ms
	GenerateScriptTypeSerializationHashes: 3.427ms
	Untracked: 413.251ms

Worker ready: AssetImportWorkerHW0 0
Loaded scene 'Temp/__Backupscenes/0.backup'
	Deserialize:            0.310 ms
	Integration:            1088.693 ms
	Integration of assets:  0.001 ms
	Thread Wait Time:       0.012 ms
	Total Operation Time:   1089.017 ms
[MODES] ModeService[none].Initialize
[MODES] ModeService[none].LoadModes
[Licensing::Client] Successfully resolved entitlement details
Start Indexing on Editor startup
ArgumentOutOfRangeException: Index was out of range. Must be non-negative and less than the size of the collection.
Parameter name: index
  at System.Collections.Generic.List`1[T].get_Item (System.Int32 index) [0x00009] in <816f70bc2a9c4332b0bd119906a8d40e>:0 
  at UnityEditor.Search.SearchDatabase+<EnumerateAll>d__76.MoveNext () [0x00089] in <62b4de64a41f441d820235b9258b7895>:0 
  at System.Linq.Enumerable.TryGetFirst[TSource] (System.Collections.Generic.IEnumerable`1[T] source, System.Boolean& found) [0x00045] in <fe644d7ad1cf499ebe4e7ad937bc03bf>:0 
  at System.Linq.Enumerable.First[TSource] (System.Collections.Generic.IEnumerable`1[T] source) [0x00000] in <fe644d7ad1cf499ebe4e7ad937bc03bf>:0 
  at UnityEditor.Search.SearchDatabase.GetDefaultSearchDatabase () [0x00005] in <62b4de64a41f441d820235b9258b7895>:0 
  at UnityEditor.Search.SearchInit.IndexationOnStartup () [0x0000a] in <62b4de64a41f441d820235b9258b7895>:0 
  at UnityEditor.EditorApplication.Internal_CallDelayFunctions () [0x00029] in <f61864b98d514a7796d400c6975fc870>:0 

Created GICache directory at C:/Users/DreamNight/AppData/LocalLow/Unity/Caches/GiCache. Took: 0.021s, timestamps: [16.029 - 16.050]
Exception: Missing battle UI
  at BattleUiPlayVerification.Tick () [0x00050] in C:\Users\DreamNight\Documents\01My\personal\TowerDefenseUnity\.reports\validation-project\Assets\Editor\BattleUiPlayVerification.cs:36 
UnityEngine.DebugLogHandler:Internal_LogException_Injected(Exception, IntPtr)
UnityEngine.DebugLogHandler:Internal_LogException(Exception, Object)
UnityEngine.DebugLogHandler:LogException(Exception, Object)
UnityEngine.Logger:LogException(Exception, Object)
UnityEngine.Debug:LogException(Exception)
BattleUiPlayVerification:Tick() (at Assets\Editor\BattleUiPlayVerification.cs:75)
UnityEditor.EditorApplication:Internal_CallUpdateFunctions()

(Filename: Assets/Editor/BattleUiPlayVerification.cs Line: 75)

MonoPathRemapper: Attempts to remap: 1330; Successful remaps: 0
Serialized file version minimum: 23, current 23
[Physics::Module] Cleanup current backend.
[Physics::Module] Id: 0xf2b8ea05
Input System module state changed to: ShutdownInProgress.
Input Polling Thread exited.
Input System module state changed to: Shutdown.
[Licensing::IpcConnector] LicenseClient-DreamNight-6000.5.9-notifications channel disconnected successfully.
[Licensing::IpcConnector] LicenseClient-DreamNight-6000.5.9 channel disconnected successfully.
Lingering sessions upon destruction of worker manager
AcceleratorClientConnectionCallback - disconnected - :0
Cleanup mono
CodeReloadManager destroyed
Checking for leaked weakptr:
  Found no leaked weakptrs.
[Package Manager] Server process was shutdown
##utp:{"type":"MemoryLeaks","version":2,"phase":"Immediate","time":1789103676769,"processId":59116,"allocatedMemory":11956026,"memoryLabels":[{"Default":195219},{"Permanent":15516},{"NewDelete":66867},{"Thread":4205176},{"Manager":39559},{"VertexData":8},{"Geometry":816},{"Texture":24},{"Shader":841969},{"Material":24},{"GfxDevice":57368},{"Animation":952},{"FreeType":8},{"FontEngine":736},{"Physics":2146},{"Physics2D":16},{"Serialization":1392},{"Input":42840},{"JobScheduler":256},{"TextLib":280},{"Mono":48},{"ScriptingNativeRuntime":674964},{"BaseObject":1638880},{"Resource":1208},{"Renderer":3080},{"Transform":4685},{"File":4013},{"WebCam":616},{"Culling":32},{"Terrain":11442},{"Wind":24},{"STL":40},{"String":72834},{"StaticString":3808},{"Utility":2675958},{"Curl":2594},{"PoolAlloc":2168},{"AI":80},{"TypeTree":17165},{"CodeReload":448},{"RuntimeInitializeOnLoadManager":64},{"Sprites":102},{"SpriteAtlas":120},{"GI":7816},{"Director":8296},{"CloudService":19592},{"WebRequest":4486},{"VR":47114},{"SceneManager":608},{"Video":208},{"LazyScriptCache":32},{"Camera":17},{"Secure":2377},{"SerializationCache":1576},{"APIUpdating":10320},{"Subsystems":336},{"VirtualTexturing":57888},{"StaticSafetyDebugInfo":278528},{"Analytics":552},{"Hierarchy":1176},{"UIElements":72},{"CoreStats":13688},{"Identifiers":6768},{"Gui":128},{"EditorUtility":97410},{"VersionControl":8},{"Undo":931},{"AssetDatabase":754969},{"AssetImporter":40},{"EditorGi":328},{"UnityConnect":38929},{"Upm":1912},{"UpmDiagnostics":8},{"AssetCompliance":64},{"DrivenProperties":72},{"LocalIPC":216},{"ProfilerEditor":9746},{"CoreBusinessMetrics":3486},{"Windowing":456},{"Licensing":664},{"AssetReference":32},{"IPCStream":32}]}
