.reports is not a valid directory name. Please make sure there are no unallowed characters in the name.
.reports is not a valid directory name. Please make sure there are no unallowed characters in the name.
[Licensing::Module] Trying to connect to existing licensing client channel...
Built from '6000.5/staging' branch; Version is '6000.5.9f1 (b57deb96f08d) revision 11894251'; Using compiler version '194234433'; Build Type 'Release'
[Licensing::IpcConnector] Successfully connected to: "LicenseClient-DreamNight" at "2026-09-11T14:21:42.3989469Z"
OS: 'Windows 11  (10.0.26200) CoreCountrySpecific' Language: 'zh' Physical Memory: 31928 MB
BatchMode: 1, IsHumanControllingUs: 0, StartBugReporterOnCrash: 0, Is64bit: 1
System  architecture: x64
Process architecture: x64
Date: 2026-09-11T14:21:42Z

COMMAND LINE ARGUMENTS:
C:\Program Files\Unity\Hub\Editor\6000.5.9f1\Editor\Unity.exe
-batchmode
-projectPath
C:\Users\DreamNight\Documents\01My\personal\TowerDefenseUnity\.reports\validation-project
-executeMethod
BattleUiPlayVerification.Run
-logFile
C:\Users\DreamNight\Documents\01My\personal\TowerDefenseUnity\.reports\responsive-final.log
Successfully changed project path to: C:\Users\DreamNight\Documents\01My\personal\TowerDefenseUnity\.reports\validation-project
C:/Users/DreamNight/Documents/01My/personal/TowerDefenseUnity/.reports/validation-project
[UnityMemory] Configuration Parameters - Can be set up in boot.config
    "memorysetup-temp-allocator-size-gi-baking-worker=262144"
    "memorysetup-temp-allocator-size-gi-baking-worker=262144"
    "memorysetup-temp-allocator-size-gi-baking-worker=262144"
    "memorysetup-temp-allocator-size-gi-baking-worker=262144"
    "memorysetup-temp-allocator-size-gi-baking-worker=262144"
    "memorysetup-temp-allocator-size-nav-mesh-worker=65536"
    "memorysetup-temp-allocator-size-audio-worker=65536"
    "memorysetup-temp-allocator-size-cloud-worker=32768"
    "memorysetup-temp-allocator-size-gfx=262144"
    "memorysetup-remapper-allocator-initial-capacity=32768"
    "memorysetup-temp-allocator-size-preload-manager=33554432"
    "memorysetup-allocator-temp-initial-block-size-main=262144"
    "memorysetup-allocator-temp-initial-block-size-worker=262144"
    "memorysetup-temp-allocator-size-job-worker=262144"
    "memorysetup-temp-allocator-size-background-worker=32768"
    "memorysetup-bucket-allocator-granularity=16"
    "memorysetup-bucket-allocator-bucket-count=8"
    "memorysetup-bucket-allocator-block-size=33554432"
    "memorysetup-bucket-allocator-block-count=8"
    "memorysetup-main-allocator-block-size=16777216"
    "memorysetup-thread-allocator-block-size=16777216"
    "memorysetup-main-allocator-mimalloc-enabled=0"
    "memorysetup-gfx-main-allocator-block-size=16777216"
    "memorysetup-gfx-thread-allocator-block-size=16777216"
    "memorysetup-cache-allocator-block-size=4194304"
    "memorysetup-typetree-allocator-block-size=2097152"
    "memorysetup-profiler-bucket-allocator-granularity=16"
    "memorysetup-profiler-bucket-allocator-bucket-count=8"
    "memorysetup-profiler-bucket-allocator-block-size=33554432"
    "memorysetup-profiler-bucket-allocator-block-count=8"
    "memorysetup-profiler-allocator-block-size=16777216"
    "memorysetup-profiler-editor-allocator-block-size=1048576"
    "memorysetup-temp-allocator-size-main=16777216"
    "memorysetup-job-temp-allocator-block-size=2097152"
    "memorysetup-job-temp-allocator-block-size-background=1048576"
    "memorysetup-job-temp-allocator-reduction-small-platforms=262144"
Logging is directed to a specific file, skipping project log.Player connection [54708]  Target information:

Player connection [54708]  * "[IP] 10.161.162.125 [Port] 55504 [Flags] 2 [Guid] 1343148676 [EditorId] 1343148676 [Version] 1048832 [Id] WindowsEditor(7,DNT-ROG) [Debug] 1 [PackageName] WindowsEditor [ProjectName] Editor" 

Player connection [54708]  * "[IP] 100.70.23.8 [Port] 55504 [Flags] 2 [Guid] 1343148676 [EditorId] 1343148676 [Version] 1048832 [Id] WindowsEditor(7,DNT-ROG) [Debug] 1 [PackageName] WindowsEditor [ProjectName] Editor" 

Player connection [54708]  * "[IP] 198.18.0.1 [Port] 55504 [Flags] 2 [Guid] 1343148676 [EditorId] 1343148676 [Version] 1048832 [Id] WindowsEditor(7,DNT-ROG) [Debug] 1 [PackageName] WindowsEditor [ProjectName] Editor" 

Player connection [54708]  * "[IP] 10.163.162.190 [Port] 55504 [Flags] 2 [Guid] 1343148676 [EditorId] 1343148676 [Version] 1048832 [Id] WindowsEditor(7,DNT-ROG) [Debug] 1 [PackageName] WindowsEditor [ProjectName] Editor" 

Player connection [54708] Host joined multi-casting on [225.0.0.222:54997]...
Player connection [54708] Host joined alternative multi-casting on [225.0.0.222:34997]...
Input System module state changed to: Initialized.
[Physics::Module] Initialized fallback backend.
[Physics::Module] Id: 0xdecafbad
[Package Manager] Connected to IPC stream "Upm-30620" after 0.2 seconds.
[Licensing::Module] Licensing is not yet initialized.
[Licensing::Client] Error: HandshakeResponse reported an error:
	ResponseCode: 505
	ResponseStatus: Unsupported protocol version '1.18.3'.
[Licensing::Module] Error: Failed to handshake to channel: "LicenseClient-DreamNight"
[Licensing::IpcConnector] LicenseClient-DreamNight channel disconnected successfully.
[Licensing::IpcConnector] Channel LicenseClient-DreamNight-6000.5.9 doesn't exist
[Licensing::Module] Successfully launched the LicensingClient (PId: 17272)
[Licensing::IpcConnector] Successfully connected to: "LicenseClient-DreamNight-6000.5.9" at "2026-09-11T14:21:43.8857883Z"
[Licensing::Client] Code 10 while verifying Licensing Client signature (process Id: 17272, path: "C:/Program Files/Unity/Hub/Editor/6000.5.9f1/Editor/Data/Resources/Licensing/Client/Unity.Licensing.Client.exe")
[Licensing::Module] LicensingClient has failed validation; ignoring
[Licensing::Client] Handshaking with LicensingClient:
  Version:                 1.18.3+d7ffd15
  Session Id:              e4c7880f729d40e5aaf257f5d9e67869
  Correlation Id:          f7f07c1024d024f1fa75df9da8f0de2e
  External correlation Id: 116653613862769722
  Machine Id:              lpR/o6WFQFljK/3tZlA5ZACwwJc=
[Licensing::Module] Successfully connected to LicensingClient on channel: "LicenseClient-DreamNight-6000.5.9" (connect: 0.25s, validation: 0.13s, handshake: 0.01s)
[Licensing::IpcConnector] Successfully connected to: "LicenseClient-DreamNight-6000.5.9-notifications" at "2026-09-11T14:21:44.0225463Z"
[Licensing::Module] Connected to LicensingClient (PId: 17272, launch time: 0.00, total connection time: 0.38s)
[Licensing::Module] Error: Access token is unavailable; failed to update
[Licensing::Client] Successfully resolved entitlement details
[Licensing::Module] License group:
  Id: 18968485699489-UnityPersXXXX
  Product: Unity Personal
  Type: Assigned
  Expiration: Unlimited
[Licensing::Client] Successfully updated license, isAsync: True, time: 0.01
[Licensing::Client] Successfully resolved entitlement details
[Licensing::Module] Licensing Background thread has ended after 1.65s
[Licensing::Module] Licensing is initialized (took 1.24s).
[Licensing::Client] Successfully resolved entitlement details
Library Redirect Path: Library/
[Physics::Module] Selected backend.
[Physics::Module] Name: PhysX
[Physics::Module] Id: 0xf2b8ea05
[Physics::Module] SDK Version: 4.1.2
[Physics::Module] Integration Version: 1.0.0
[Physics::Module] Threading Mode: Multi-Threaded
Initialize engine version: 6000.5.9f1 (b57deb96f08d)
[Subsystems] Discovering subsystems at path C:/Program Files/Unity/Hub/Editor/6000.5.9f1/Editor/Data/Resources/UnitySubsystems
[Subsystems] Discovering subsystems at path C:/Users/DreamNight/Documents/01My/personal/TowerDefenseUnity/.reports/validation-project/Assets
GfxDevice: creating device client; kGfxThreadingModeNonThreaded
d3d12: failed to query info queue interface (0x80004002).
Direct3D:
    Version:         Direct3D 12 [level 12.2]
    Renderer:        NVIDIA GeForce RTX 5070 Ti Laptop GPU (ID=0x2f58)
    Vendor:          NVIDIA
    VRAM:            11944 MB
    App VRAM Budget: 11176 MB
    Driver:          32.0.16.1656
Initialize mono
Mono path[0] = 'C:/Program Files/Unity/Hub/Editor/6000.5.9f1/Editor/Data/Managed'
Mono path[1] = 'C:/Program Files/Unity/Hub/Editor/6000.5.9f1/Editor/Data/BCLExtensions/runtime/netstandard2.1'
Mono path[2] = 'C:/Program Files/Unity/Hub/Editor/6000.5.9f1/Editor/Data/MonoBleedingEdge/lib/mono/unityjit-win32'
Mono config path = 'C:/Program Files/Unity/Hub/Editor/6000.5.9f1/Editor/Data/MonoBleedingEdge/etc'
Using monoOptions --debugger-agent=transport=dt_socket,embedding=1,server=y,suspend=n,address=127.0.0.1:56620
CodeReloadManager initialized
ImportWorker Server TCP listen port: 0
AcceleratorClientConnectionCallback - disconnected - :0
Begin MonoManager ReloadAssembly
Registering precompiled unity dll's ...
Register platform support module: C:/Program Files/Unity/Hub/Editor/6000.5.9f1/Editor/Data/PlaybackEngines/WebGLSupport/UnityEditor.WebGL.Extensions.dll
Register platform support module: C:/Program Files/Unity/Hub/Editor/6000.5.9f1/Editor/Data/PlaybackEngines/WindowsStandaloneSupport/UnityEditor.WindowsStandalone.Extensions.dll
Registered in 0.001957 seconds.
Native extension for WindowsStandalone target not found
Native extension for WebGL target not found
Package Manager log level set to [2]
ScheduleIndexationOnStartup MainProcess:False IndexOnStartup:False
Mono: successfully reloaded assembly
- Finished resetting the current domain, in  0.351 seconds
Domain Reload Profiling: 690ms
	BeginReloadAssembly (75ms)
		CreateAndSetChildDomain (12ms)
	RebuildCommonClasses (4ms)
	RebuildNativeTypeToScriptingClass (11ms)
	initialDomainReloadingComplete (51ms)
	LoadAllAssembliesAndSetupDomain (198ms)
		LoadAssemblies (61ms)
		AnalyzeDomain (141ms)
			TypeCache.Refresh (140ms)
				TypeCache.ScanAssembly (130ms)
	FinalizeReload (351ms)
		SetupLoadedEditorAssemblies (0ms)
			BeforeProcessingInitializeOnLoad (63ms)
			ProcessInitializeOnLoadAttributes (63ms)
			ProcessInitializeOnLoadMethodAttributes (172ms)
[Licensing::Client] Successfully resolved entitlement details
Application.AssetDatabase Initial Refresh Start
[Package Manager] Restoring resolved packages state from cache
[Licensing::Client] Successfully resolved entitlement details
[Package Manager] Registered 22 packages:
  Built-in packages:
    com.unity.modules.animation@1.0.0 (location: C:\Users\DreamNight\Documents\01My\personal\TowerDefenseUnity\.reports\validation-project\Library\PackageCache\com.unity.modules.animation)
    com.unity.modules.audio@1.0.0 (location: C:\Users\DreamNight\Documents\01My\personal\TowerDefenseUnity\.reports\validation-project\Library\PackageCache\com.unity.modules.audio)
    com.unity.modules.director@1.0.0 (location: C:\Users\DreamNight\Documents\01My\personal\TowerDefenseUnity\.reports\validation-project\Library\PackageCache\com.unity.modules.director)
    com.unity.modules.imageconversion@1.0.0 (location: C:\Users\DreamNight\Documents\01My\personal\TowerDefenseUnity\.reports\validation-project\Library\PackageCache\com.unity.modules.imageconversion)
    com.unity.modules.imgui@1.0.0 (location: C:\Users\DreamNight\Documents\01My\personal\TowerDefenseUnity\.reports\validation-project\Library\PackageCache\com.unity.modules.imgui)
    com.unity.modules.jsonserialize@1.0.0 (location: C:\Users\DreamNight\Documents\01My\personal\TowerDefenseUnity\.reports\validation-project\Library\PackageCache\com.unity.modules.jsonserialize)
    com.unity.modules.particlesystem@1.0.0 (location: C:\Users\DreamNight\Documents\01My\personal\TowerDefenseUnity\.reports\validation-project\Library\PackageCache\com.unity.modules.particlesystem)
    com.unity.modules.physics@1.0.0 (location: C:\Users\DreamNight\Documents\01My\personal\TowerDefenseUnity\.reports\validation-project\Library\PackageCache\com.unity.modules.physics)
    com.unity.modules.physics2d@1.0.0 (location: C:\Users\DreamNight\Documents\01My\personal\TowerDefenseUnity\.reports\validation-project\Library\PackageCache\com.unity.modules.physics2d)
    com.unity.modules.screencapture@1.0.0 (location: C:\Users\DreamNight\Documents\01My\personal\TowerDefenseUnity\.reports\validation-project\Library\PackageCache\com.unity.modules.screencapture)
    com.unity.modules.ui@1.0.0 (location: C:\Users\DreamNight\Documents\01My\personal\TowerDefenseUnity\.reports\validation-project\Library\PackageCache\com.unity.modules.ui)
    com.unity.modules.uielements@1.0.0 (location: C:\Users\DreamNight\Documents\01My\personal\TowerDefenseUnity\.reports\validation-project\Library\PackageCache\com.unity.modules.uielements)
    com.unity.ugui@2.5.0 (location: C:\Users\DreamNight\Documents\01My\personal\TowerDefenseUnity\.reports\validation-project\Library\PackageCache\com.unity.ugui@1c4864518158)
    com.unity.modules.unitywebrequest@1.0.0 (location: C:\Users\DreamNight\Documents\01My\personal\TowerDefenseUnity\.reports\validation-project\Library\PackageCache\com.unity.modules.unitywebrequest)
    com.unity.modules.unitywebrequestassetbundle@1.0.0 (location: C:\Users\DreamNight\Documents\01My\personal\TowerDefenseUnity\.reports\validation-project\Library\PackageCache\com.unity.modules.unitywebrequestassetbundle)
    com.unity.modules.unitywebrequestaudio@1.0.0 (location: C:\Users\DreamNight\Documents\01My\personal\TowerDefenseUnity\.reports\validation-project\Library\PackageCache\com.unity.modules.unitywebrequestaudio)
    com.unity.modules.unitywebrequesttexture@1.0.0 (location: C:\Users\DreamNight\Documents\01My\personal\TowerDefenseUnity\.reports\validation-project\Library\PackageCache\com.unity.modules.unitywebrequesttexture)
    com.unity.modules.unitywebrequestwww@1.0.0 (location: C:\Users\DreamNight\Documents\01My\personal\TowerDefenseUnity\.reports\validation-project\Library\PackageCache\com.unity.modules.unitywebrequestwww)
    com.unity.modules.video@1.0.0 (location: C:\Users\DreamNight\Documents\01My\personal\TowerDefenseUnity\.reports\validation-project\Library\PackageCache\com.unity.modules.video)
    com.unity.modules.assetbundle@1.0.0 (location: C:\Users\DreamNight\Documents\01My\personal\TowerDefenseUnity\.reports\validation-project\Library\PackageCache\com.unity.modules.assetbundle)
    com.unity.modules.hierarchycore@1.0.0 (location: C:\Users\DreamNight\Documents\01My\personal\TowerDefenseUnity\.reports\validation-project\Library\PackageCache\com.unity.modules.hierarchycore)
    com.unity.modules.physicscore2d@1.0.0 (location: C:\Users\DreamNight\Documents\01My\personal\TowerDefenseUnity\.reports\validation-project\Library\PackageCache\com.unity.modules.physicscore2d)
[Subsystems] No new subsystems found in resolved package list.
[Package Manager] Done registering packages in 0.01 seconds
GUID [c52726d811a9f66459355df6b0c3977b] for asset 'Packages/com.unity.ugui/Editor/Analytics' conflicts with:
  'Assets/ValidationUGUI/Editor/Analytics' (current owner)
We can't assign a new GUID because the asset is in an immutable folder. The asset will be ignored.
GUID [77417b0f4cf6d334f916c64448d24133] for asset 'Packages/com.unity.ugui/Editor/Analytics/IAnalytic' conflicts with:
  'Assets/ValidationUGUI/Editor/Analytics/IAnalytic' (current owner)
We can't assign a new GUID because the asset is in an immutable folder. The asset will be ignored.
GUID [24cda912b57cf784d9eebefb7c59111c] for asset 'Packages/com.unity.ugui/Editor/Analytics/IAnalytic/UGUIBuildEvent.cs' conflicts with:
  'Assets/ValidationUGUI/Editor/Analytics/IAnalytic/UGUIBuildEvent.cs' (current owner)
We can't assign a new GUID because the asset is in an immutable folder. The asset will be ignored.
GUID [ff6d34f71e1a6af4290f9275ff94616c] for asset 'Packages/com.unity.ugui/Editor/Analytics/UGUIAnalytics.cs' conflicts with:
  'Assets/ValidationUGUI/Editor/Analytics/UGUIAnalytics.cs' (current owner)
We can't assign a new GUID because the asset is in an immutable folder. The asset will be ignored.
GUID [ea11495227d864849bdb4fa69e931cbc] for asset 'Packages/com.unity.ugui/Editor/Analytics/UGUIBuildAnalytics.cs' conflicts with:
  'Assets/ValidationUGUI/Editor/Analytics/UGUIBuildAnalytics.cs' (current owner)
We can't assign a new GUID because the asset is in an immutable folder. The asset will be ignored.
GUID [8394c018a82352f41ae354f7bdad54e3] for asset 'Packages/com.unity.ugui/Editor/Analytics/UnityEditor.UI.Analytics.asmdef' conflicts with:
  'Assets/ValidationUGUI/Editor/Analytics/UnityEditor.UI.Analytics.asmdef' (current owner)
We can't assign a new GUID because the asset is in an immutable folder. The asset will be ignored.
GUID [10d1425d9e87841d9a9deafe9e93a6f2] for asset 'Packages/com.unity.ugui/Editor/TMP' conflicts with:
  'Assets/ValidationUGUI/Editor/TMP' (current owner)
We can't assign a new GUID because the asset is in an immutable folder. The asset will be ignored.
GUID [eecc124dc0b994047aac97ccf8c8ed0a] for asset 'Packages/com.unity.ugui/Editor/TMP/HDRP' conflicts with:
  'Assets/ValidationUGUI/Editor/TMP/HDRP' (current owner)
We can't assign a new GUID because the asset is in an immutable folder. The asset will be ignored.
GUID [e3795795b029fde4395e6953ce72b5a6] for asset 'Packages/com.unity.ugui/Editor/TMP/HDRP/TMP_BaseHDRPLitShaderGUI.cs' conflicts with:
  'Assets/ValidationUGUI/Editor/TMP/HDRP/TMP_BaseHDRPLitShaderGUI.cs' (current owner)
We can't assign a new GUID because the asset is in an immutable folder. The asset will be ignored.
GUID [645409e9544820042937871953f20509] for asset 'Packages/com.unity.ugui/Editor/TMP/HDRP/TMP_BaseHDRPUnlitShaderGUI.cs' conflicts with:
  'Assets/ValidationUGUI/Editor/TMP/HDRP/TMP_BaseHDRPUnlitShaderGUI.cs' (current owner)
We can't assign a new GUID because the asset is in an immutable folder. The asset will be ignored.
GUID [85016528879d5d644981050d1d0a4368] for asset 'Packages/com.unity.ugui/Editor/TMP/HDRP/TMP_SDF_HDRPLitShaderGUI.cs' conflicts with:
  'Assets/ValidationUGUI/Editor/TMP/HDRP/TMP_SDF_HDRPLitShaderGUI.cs' (current owner)
We can't assign a new GUID because the asset is in an immutable folder. The asset will be ignored.
GUID [bad96c2cfa78a124cb8ec890d2386dfe] for asset 'Packages/com.unity.ugui/Editor/TMP/HDRP/TMP_SDF_HDRPUnlitShaderGUI.cs' conflicts with:
  'Assets/ValidationUGUI/Editor/TMP/HDRP/TMP_SDF_HDRPUnlitShaderGUI.cs' (current owner)
We can't assign a new GUID because the asset is in an immutable folder. The asset will be ignored.
GUID [ea7c31b5b377c314db28ad3fabbbd38d] for asset 'Packages/com.unity.ugui/Editor/TMP/PropertyDrawers' conflicts with:
  'Assets/ValidationUGUI/Editor/TMP/PropertyDrawers' (current owner)
We can't assign a new GUID because the asset is in an immutable folder. The asset will be ignored.
GUID [9545c9eb3bf94265810463794fec8334] for asset 'Packages/com.unity.ugui/Editor/TMP/PropertyDrawers/DropdownOptionListDrawer.cs' conflicts with:
  'Assets/ValidationUGUI/Editor/TMP/PropertyDrawers/DropdownOptionListDrawer.cs' (current owner)
We can't assign a new GUID because the asset is in an immutable folder. The asset will be ignored.
GUID [e3882522a08b6f5459b4dea6f8791278] for asset 'Packages/com.unity.ugui/Editor/TMP/PropertyDrawers/GlyphMetricsPropertyDrawer.cs' conflicts with:
  'Assets/ValidationUGUI/Editor/TMP/PropertyDrawers/GlyphMetricsPropertyDrawer.cs' (current owner)
We can't assign a new GUID because the asset is in an immutable folder. The asset will be ignored.
GUID [d256fa541faf5d4409992c631adb98a1] for asset 'Packages/com.unity.ugui/Editor/TMP/PropertyDrawers/GlyphPairAdjustmentRecordPropertyDrawer.cs' conflicts with:
  'Assets/ValidationUGUI/Editor/TMP/PropertyDrawers/GlyphPairAdjustmentRecordPropertyDrawer.cs' (current owner)
We can't assign a new GUID because the asset is in an immutable folder. The asset will be ignored.
GUID [8bc2b083b068f3546a9509c805e0541c] for asset 'Packages/com.unity.ugui/Editor/TMP/PropertyDrawers/GlyphRectPropertyDrawer.cs' conflicts with:
  'Assets/ValidationUGUI/Editor/TMP/PropertyDrawers/GlyphRectPropertyDrawer.cs' (current owner)
We can't assign a new GUID because the asset is in an immutable folder. The asset will be ignored.
GUID [7b6c2e51603686247afd5ab620c490e6] for asset 'Packages/com.unity.ugui/Editor/TMP/PropertyDrawers/LigatureSubstitutionRecordPropertyDrawer.cs' conflicts with:
  'Assets/ValidationUGUI/Editor/TMP/PropertyDrawers/LigatureSubstitutionRecordPropertyDrawer.cs' (current owner)
We can't assign a new GUID because the asset is in an immutable folder. The asset will be ignored.
GUID [01ada73c4792aba4c937ff5d92cce866] for asset 'Packages/com.unity.ugui/Editor/TMP/PropertyDrawers/TMP_CharacterPropertyDrawer.cs' conflicts with:
  'Assets/ValidationUGUI/Editor/TMP/PropertyDrawers/TMP_CharacterPropertyDrawer.cs' (current owner)
We can't assign a new GUID because the asset is in an immutable folder. The asset will be ignored.
GUID [c4777500b5da6094e956c3d4f04de4db] for asset 'Packages/com.unity.ugui/Editor/TMP/PropertyDrawers/TMP_GlyphPropertyDrawer.cs' conflicts with:
  'Assets/ValidationUGUI/Editor/TMP/PropertyDrawers/TMP_GlyphPropertyDrawer.cs' (current owner)
We can't assign a new GUID because the asset is in an immutable folder. The asset will be ignored.
GUID [065a7fcf0d7286d418f3114ec18d1a2d] for asset 'Packages/com.unity.ugui/Editor/TMP/PropertyDrawers/TMP_MarkToBaseAdjustmentRecordPropertyDrawer.cs' conflicts with:
  'Assets/ValidationUGUI/Editor/TMP/PropertyDrawers/TMP_MarkToBaseAdjustmentRecordPropertyDrawer.cs' (current owner)
We can't assign a new GUID because the asset is in an immutable folder. The asset will be ignored.
GUID [149e85704eb73624ba2d705408274f3e] for asset 'Packages/com.unity.ugui/Editor/TMP/PropertyDrawers/TMP_MarkToMarkAdjustmentRecordPropertyDrawer.cs' conflicts with:
  'Assets/ValidationUGUI/Editor/TMP/PropertyDrawers/TMP_MarkToMarkAdjustmentRecordPropertyDrawer.cs' (current owner)
We can't assign a new GUID because the asset is in an immutable folder. The asset will be ignored.
GUID [371a2245f9a9ff344997fec3609bf73e] for asset 'Packages/com.unity.ugui/Editor/TMP/PropertyDrawers/TMP_PropertyDrawerUtilities.cs' conflicts with:
  'Assets/ValidationUGUI/Editor/TMP/PropertyDrawers/TMP_PropertyDrawerUtilities.cs' (current owner)
We can't assign a new GUID because the asset is in an immutable folder. The asset will be ignored.
GUID [37cff9f5a86ae494c8cb04423580480d] for asset 'Packages/com.unity.ugui/Editor/TMP/PropertyDrawers/TMP_SpriteCharacterPropertyDrawer.cs' conflicts with:
  'Assets/ValidationUGUI/Editor/TMP/PropertyDrawers/TMP_SpriteCharacterPropertyDrawer.cs' (current owner)
We can't assign a new GUID because the asset is in an immutable folder. The asset will be ignored.
GUID [056819c66570ca54cadb72330a354050] for asset 'Packages/com.unity.ugui/Editor/TMP/PropertyDrawers/TMP_SpriteGlyphPropertyDrawer.cs' conflicts with:
  'Assets/ValidationUGUI/Editor/TMP/PropertyDrawers/TMP_SpriteGlyphPropertyDrawer.cs' (current owner)
We can't assign a new GUID because the asset is in an immutable folder. The asset will be ignored.
GUID [c55a64c7570474f47a94abe39ebfef04] for asset 'Packages/com.unity.ugui/Editor/TMP/PropertyDrawers/TMP_TextAlignmentDrawer.cs' conflicts with:
  'Assets/ValidationUGUI/Editor/TMP/PropertyDrawers/TMP_TextAlignmentDrawer.cs' (current owner)
We can't assign a new GUID because the asset is in an immutable folder. The asset will be ignored.
GUID [91950f78729ab144aa36e94690b28fad] for asset 'Packages/com.unity.ugui/Editor/TMP/TMP_BaseEditorPanel.cs' conflicts with:
  'Assets/ValidationUGUI/Editor/TMP/TMP_BaseEditorPanel.cs' (current owner)
We can't assign a new GUID because the asset is in an immutable folder. The asset will be ignored.
GUID [438efd46088d408d8a53f707fa68d976] for asset 'Packages/com.unity.ugui/Editor/TMP/TMP_BaseShaderGUI.cs' conflicts with:
  'Assets/ValidationUGUI/Editor/TMP/TMP_BaseShaderGUI.cs' (current owner)
We can't assign a new GUID because the asset is in an immutable folder. The asset will be ignored.
GUID [806de5a9211448c8b65c8435ebb48dd4] for asset 'Packages/com.unity.ugui/Editor/TMP/TMP_BitmapShaderGUI.cs' conflicts with:
  'Assets/ValidationUGUI/Editor/TMP/TMP_BitmapShaderGUI.cs' (current owner)
We can't assign a new GUID because the asset is in an immutable folder. The asset will be ignored.
GUID [d9647b571c5e44729b71d756b3d55317] for asset 'Packages/com.unity.ugui/Editor/TMP/TMP_ColorGradientAssetMenu.cs' conflicts with:
  'Assets/ValidationUGUI/Editor/TMP/TMP_ColorGradientAssetMenu.cs' (current owner)
We can't assign a new GUID because the asset is in an immutable folder. The asset will be ignored.
GUID [fcc60c1d6bb544d9b712b652f418ff3a] for asset 'Packages/com.unity.ugui/Editor/TMP/TMP_ColorGradientEditor.cs' conflicts with:
  'Assets/ValidationUGUI/Editor/TMP/TMP_ColorGradientEditor.cs' (current owner)
We can't assign a new GUID because the asset is in an immutable folder. The asset will be ignored.
GUID [6dbcf248c987476181a37f01a1814975] for asset 'Packages/com.unity.ugui/Editor/TMP/TMP_DropdownEditor.cs' conflicts with:
  'Assets/ValidationUGUI/Editor/TMP/TMP_DropdownEditor.cs' (current owner)
We can't assign a new GUID because the asset is in an immutable folder. The asset will be ignored.
GUID [27a0335dab59ec542aadd6636a5b4ebd] for asset 'Packages/com.unity.ugui/Editor/TMP/TMP_EditorCoroutine.cs' conflicts with:
  'Assets/ValidationUGUI/Editor/TMP/TMP_EditorCoroutine.cs' (current owner)
We can't assign a new GUID because the asset is in an immutable folder. The asset will be ignored.
GUID [34f6695d37a94370a3697f6b068f5d5e] for asset 'Packages/com.unity.ugui/Editor/TMP/TMP_EditorPanel.cs' conflicts with:
  'Assets/ValidationUGUI/Editor/TMP/TMP_EditorPanel.cs' (current owner)
We can't assign a new GUID because the asset is in an immutable folder. The asset will be ignored.
GUID [21c0044a7f964773be90d197a78e4703] for asset 'Packages/com.unity.ugui/Editor/TMP/TMP_EditorPanelUI.cs' conflicts with:
  'Assets/ValidationUGUI/Editor/TMP/TMP_EditorPanelUI.cs' (current owner)
We can't assign a new GUID because the asset is in an immutable folder. The asset will be ignored.
GUID [6b259c4003a802847b9ada90744e34c5] for asset 'Packages/com.unity.ugui/Editor/TMP/TMP_EditorResourceManager.cs' conflicts with:
  'Assets/ValidationUGUI/Editor/TMP/TMP_EditorResourceManager.cs' (current owner)
We can't assign a new GUID because the asset is in an immutable folder. The asset will be ignored.
GUID [2300e75732d74890b38a8ff257a3ae15] for asset 'Packages/com.unity.ugui/Editor/TMP/TMP_EditorUtility.cs' conflicts with:
  'Assets/ValidationUGUI/Editor/TMP/TMP_EditorUtility.cs' (current owner)
We can't assign a new GUID because the asset is in an immutable folder. The asset will be ignored.
GUID [7496af95dfe67cf429ac65edaaf99106] for asset 'Packages/com.unity.ugui/Editor/TMP/TMP_FontAsset_CreationMenu.cs' conflicts with:
  'Assets/ValidationUGUI/Editor/TMP/TMP_FontAsset_CreationMenu.cs' (current owner)
We can't assign a new GUID because the asset is in an immutable folder. The asset will be ignored.
GUID [96b44f7d98314b139324a8a87eb66067] for asset 'Packages/com.unity.ugui/Editor/TMP/TMP_FontAssetEditor.cs' conflicts with:
  'Assets/ValidationUGUI/Editor/TMP/TMP_FontAssetEditor.cs' (current owner)
We can't assign a new GUID because the asset is in an immutable folder. The asset will be ignored.
GUID [aa160f27c3fe4052a5850e21108811b6] for asset 'Packages/com.unity.ugui/Editor/TMP/TMP_InputFieldEditor.cs' conflicts with:
  'Assets/ValidationUGUI/Editor/TMP/TMP_InputFieldEditor.cs' (current owner)
We can't assign a new GUID because the asset is in an immutable folder. The asset will be ignored.
GUID [225b67dcce9247b4c806e435b34695d2] for asset 'Packages/com.unity.ugui/Editor/TMP/TMP_MarkupTagUpdateUtility.cs' conflicts with:
  'Assets/ValidationUGUI/Editor/TMP/TMP_MarkupTagUpdateUtility.cs' (current owner)
We can't assign a new GUID because the asset is in an immutable folder. The asset will be ignored.
GUID [68eedd4e5b33b37429c02c4add0036fe] for asset 'Packages/com.unity.ugui/Editor/TMP/TMP_PackageUtilities.cs' conflicts with:
  'Assets/ValidationUGUI/Editor/TMP/TMP_PackageUtilities.cs' (current owner)
We can't assign a new GUID because the asset is in an immutable folder. The asset will be ignored.
GUID [6fdea2af3daa40fe8f88e5e9cfc17abb] for asset 'Packages/com.unity.ugui/Editor/TMP/TMP_PostBuildProcessHandler.cs' conflicts with:
  'Assets/ValidationUGUI/Editor/TMP/TMP_PostBuildProcessHandler.cs' (current owner)
We can't assign a new GUID because the asset is in an immutable folder. The asset will be ignored.
GUID [bf8befe3c500aa84b9ce3860a226cf41] for asset 'Packages/com.unity.ugui/Editor/TMP/TMP_PreBuildProcessor.cs' conflicts with:
  'Assets/ValidationUGUI/Editor/TMP/TMP_PreBuildProcessor.cs' (current owner)
We can't assign a new GUID because the asset is in an immutable folder. The asset will be ignored.
GUID [0e751e877ed14d71a6b8e63ac54949cf] for asset 'Packages/com.unity.ugui/Editor/TMP/TMP_ProjectTextSettings.cs' conflicts with:
  'Assets/ValidationUGUI/Editor/TMP/TMP_ProjectTextSettings.cs' (current owner)
We can't assign a new GUID because the asset is in an immutable folder. The asset will be ignored.
GUID [7241c7dc25374fc1a6ab3ef9da79c363] for asset 'Packages/com.unity.ugui/Editor/TMP/TMP_ResourcesLoader.cs' conflicts with:
  'Assets/ValidationUGUI/Editor/TMP/TMP_ResourcesLoader.cs' (current owner)
We can't assign a new GUID because the asset is in an immutable folder. The asset will be ignored.
GUID [8413ca0e506d42a1a4bd9769f204ad16] for asset 'Packages/com.unity.ugui/Editor/TMP/TMP_SDFShaderGUI.cs' conflicts with:
  'Assets/ValidationUGUI/Editor/TMP/TMP_SDFShaderGUI.cs' (current owner)
We can't assign a new GUID because the asset is in an immutable folder. The asset will be ignored.
GUID [9c4a050f089abb04ebd4125e419f4548] for asset 'Packages/com.unity.ugui/Editor/TMP/TMP_SerializedPropertyHolder.cs' conflicts with:
  'Assets/ValidationUGUI/Editor/TMP/TMP_SerializedPropertyHolder.cs' (current owner)
We can't assign a new GUID because the asset is in an immutable folder. The asset will be ignored.
GUID [0386b6eb838c47138cd51d1c1b879a35] for asset 'Packages/com.unity.ugui/Editor/TMP/TMP_SettingsEditor.cs' conflicts with:
  'Assets/ValidationUGUI/Editor/TMP/TMP_SettingsEditor.cs' (current owner)
We can't assign a new GUID because the asset is in an immutable folder. The asset will be ignored.
GUID [b09be1f217d34247af54863a2f5587e1] for asset 'Packages/com.unity.ugui/Editor/TMP/TMP_SpriteAssetEditor.cs' conflicts with:
  'Assets/ValidationUGUI/Editor/TMP/TMP_SpriteAssetEditor.cs' (current owner)
We can't assign a new GUID because the asset is in an immutable folder. The asset will be ignored.
GUID [f1ea944dcf8849ebab391e461b99ccb7] for asset 'Packages/com.unity.ugui/Editor/TMP/TMP_SpriteAssetImporter.cs' conflicts with:
  'Assets/ValidationUGUI/Editor/TMP/TMP_SpriteAssetImporter.cs' (current owner)
We can't assign a new GUID because the asset is in an immutable folder. The asset will be ignored.
GUID [1048a87135154606808bf2030da32d18] for asset 'Packages/com.unity.ugui/Editor/TMP/TMP_SpriteAssetMenu.cs' conflicts with:
  'Assets/ValidationUGUI/Editor/TMP/TMP_SpriteAssetMenu.cs' (current owner)
We can't assign a new GUID because the asset is in an immutable folder. The asset will be ignored.
GUID [23a562f2cac6401f9f91251c68a1a794] for asset 'Packages/com.unity.ugui/Editor/TMP/TMP_StyleAssetMenu.cs' conflicts with:
  'Assets/ValidationUGUI/Editor/TMP/TMP_StyleAssetMenu.cs' (current owner)
We can't assign a new GUID because the asset is in an immutable folder. The asset will be ignored.
GUID [34e2c9b9d9e44953933afe37461f44e6] for asset 'Packages/com.unity.ugui/Editor/TMP/TMP_StyleSheetEditor.cs' conflicts with:
  'Assets/ValidationUGUI/Editor/TMP/TMP_StyleSheetEditor.cs' (current owner)
We can't assign a new GUID because the asset is in an immutable folder. The asset will be ignored.
GUID [dd2fe74169b54bf58fca17288513ef38] for asset 'Packages/com.unity.ugui/Editor/TMP/TMP_SubMesh_Editor.cs' conflicts with:
  'Assets/ValidationUGUI/Editor/TMP/TMP_SubMesh_Editor.cs' (current owner)
We can't assign a new GUID because the asset is in an immutable folder. The asset will be ignored.
GUID [6b01141ed8f74d198965c86f25eb7040] for asset 'Packages/com.unity.ugui/Editor/TMP/TMP_SubMeshUI_Editor.cs' conflicts with:
  'Assets/ValidationUGUI/Editor/TMP/TMP_SubMeshUI_Editor.cs' (current owner)
We can't assign a new GUID because the asset is in an immutable folder. The asset will be ignored.
GUID [30a939dce2fd4073955f2f20e659d506] for asset 'Packages/com.unity.ugui/Editor/TMP/TMP_UIStyleManager.cs' conflicts with:
  'Assets/ValidationUGUI/Editor/TMP/TMP_UIStyleManager.cs' (current owner)
We can't assign a new GUID because the asset is in an immutable folder. The asset will be ignored.
GUID [44e1d646473a40178712cb2150f54cec] for asset 'Packages/com.unity.ugui/Editor/TMP/TMPro_ContextMenus.cs' conflicts with:
  'Assets/ValidationUGUI/Editor/TMP/TMPro_ContextMenus.cs' (current owner)
We can't assign a new GUID because the asset is in an immutable folder. The asset will be ignored.
GUID [7065397ff8184621aa3ca4f854491259] for asset 'Packages/com.unity.ugui/Editor/TMP/TMPro_CreateObjectMenu.cs' conflicts with:
  'Assets/ValidationUGUI/Editor/TMP/TMPro_CreateObjectMenu.cs' (current owner)
We can't assign a new GUID because the asset is in an immutable folder. The asset will be ignored.
GUID [aa76955fe5bb44f7915d91db8c7043c4] for asset 'Packages/com.unity.ugui/Editor/TMP/TMPro_EditorShaderUtilities.cs' conflicts with:
  'Assets/ValidationUGUI/Editor/TMP/TMPro_EditorShaderUtilities.cs' (current owner)
We can't assign a new GUID because the asset is in an immutable folder. The asset will be ignored.
GUID [383966e89d344865a36addd5d378ffd3] for asset 'Packages/com.unity.ugui/Editor/TMP/TMPro_FontAssetCreatorWindow.cs' conflicts with:
  'Assets/ValidationUGUI/Editor/TMP/TMPro_FontAssetCreatorWindow.cs' (current owner)
We can't assign a new GUID because the asset is in an immutable folder. The asset will be ignored.
GUID [88ed537c17c34f339121fe9a7d6d7a0e] for asset 'Packages/com.unity.ugui/Editor/TMP/TMPro_SortingLayerHelper.cs' conflicts with:
  'Assets/ValidationUGUI/Editor/TMP/TMPro_SortingLayerHelper.cs' (current owner)
We can't assign a new GUID because the asset is in an immutable folder. The asset will be ignored.
GUID [02893ffb522b490a9fa28eedd2584309] for asset 'Packages/com.unity.ugui/Editor/TMP/TMPro_TextContainerEditor.cs' conflicts with:
  'Assets/ValidationUGUI/Editor/TMP/TMPro_TextContainerEditor.cs' (current owner)
We can't assign a new GUID because the asset is in an immutable folder. The asset will be ignored.
GUID [f4935fb862d54980b1bcbca942962642] for asset 'Packages/com.unity.ugui/Editor/TMP/TMPro_TexturePostProcessor.cs' conflicts with:
  'Assets/ValidationUGUI/Editor/TMP/TMPro_TexturePostProcessor.cs' (current owner)
We can't assign a new GUID because the asset is in an immutable folder. The asset will be ignored.
GUID [6546d7765b4165b40850b3667f981c26] for asset 'Packages/com.unity.ugui/Editor/TMP/Unity.TextMeshPro.Editor.asmdef' conflicts with:
  'Assets/ValidationUGUI/Editor/TMP/Unity.TextMeshPro.Editor.asmdef' (current owner)
We can't assign a new GUID because the asset is in an immutable folder. The asset will be ignored.
GUID [278b6073a5bdd4362acd72ca43ff9e0d] for asset 'Packages/com.unity.ugui/Editor/UGUI' conflicts with:
  'Assets/ValidationUGUI/Editor/UGUI' (current owner)
We can't assign a new GUID because the asset is in an immutable folder. The asset will be ignored.
GUID [f525580684527b147b70cf94aaa70dbc] for asset 'Packages/com.unity.ugui/Editor/UGUI/EventSystem' conflicts with:
  'Assets/ValidationUGUI/Editor/UGUI/EventSystem' (current owner)
We can't assign a new GUID because the asset is in an immutable folder. The asset will be ignored.
GUID [6f72aa6eab9392548b9e9d92eb6b2ef8] for asset 'Packages/com.unity.ugui/Editor/UGUI/EventSystem/EventSystemEditor.cs' conflicts with:
  'Assets/ValidationUGUI/Editor/UGUI/EventSystem/EventSystemEditor.cs' (current owner)
We can't assign a new GUID because the asset is in an immutable folder. The asset will be ignored.
GUID [37b164a494cd92a498526852ecceedef] for asset 'Packages/com.unity.ugui/Editor/UGUI/EventSystem/EventTriggerEditor.cs' conflicts with:
  'Assets/ValidationUGUI/Editor/UGUI/EventSystem/EventTriggerEditor.cs' (current owner)
We can't assign a new GUID because the asset is in an immutable folder. The asset will be ignored.
GUID [765f7aac6597fc444a90dac4294e929d] for asset 'Packages/com.unity.ugui/Editor/UGUI/EventSystem/InputModuleComponentFactory.cs' conflicts with:
  'Assets/ValidationUGUI/Editor/UGUI/EventSystem/InputModuleComponentFactory.cs' (current owner)
We can't assign a new GUID because the asset is in an immutable folder. The asset will be ignored.
GUID [1143ae6bb91836f4a8f8ebfaabb9396d] for asset 'Packages/com.unity.ugui/Editor/UGUI/EventSystem/Physics2DRaycasterEditor.cs' conflicts with:
  'Assets/ValidationUGUI/Editor/UGUI/EventSystem/Physics2DRaycasterEditor.cs' (current owner)
We can't assign a new GUID because the asset is in an immutable folder. The asset will be ignored.
GUID [e976a5e755c7016418f66e15223c1b90] for asset 'Packages/com.unity.ugui/Editor/UGUI/EventSystem/PhysicsRaycasterEditor.cs' conflicts with:
  'Assets/ValidationUGUI/Editor/UGUI/EventSystem/PhysicsRaycasterEditor.cs' (current owner)
We can't assign a new GUID because the asset is in an immutable folder. The asset will be ignored.
GUID [cf97e54bcd5479a46bdbade48da047cc] for asset 'Packages/com.unity.ugui/Editor/UGUI/Properties' conflicts with:
  'Assets/ValidationUGUI/Editor/UGUI/Properties' (current owner)
We can't assign a new GUID because the asset is in an immutable folder. The asset will be ignored.
GUID [d51458b261e0ecc4a98904e53924dc1c] for asset 'Packages/com.unity.ugui/Editor/UGUI/Properties/AssemblyInfo.cs' conflicts with:
  'Assets/ValidationUGUI/Editor/UGUI/Properties/AssemblyInfo.cs' (current owner)
We can't assign a new GUID because the asset is in an immutable folder. The asset will be ignored.
GUID [853edc343b78a7c4c81cbb3851d48c0a] for asset 'Packages/com.unity.ugui/Editor/UGUI/UI' conflicts with:
  'Assets/ValidationUGUI/Editor/UGUI/UI' (current owner)
We can't assign a new GUID because the asset is in an immutable folder. The asset will be ignored.
GUID [b5f70efd2f7b286498ca6c00adbb4a13] for asset 'Packages/com.unity.ugui/Editor/UGUI/UI/AspectRatioFitterEditor.cs' conflicts with:
  'Assets/ValidationUGUI/Editor/UGUI/UI/AspectRatioFitterEditor.cs' (current owner)
We can't assign a new GUID because the asset is in an immutable folder. The asset will be ignored.
GUID [472a6f18dd2f97c41af72271d22db869] for asset 'Packages/com.unity.ugui/Editor/UGUI/UI/ButtonEditor.cs' conflicts with:
  'Assets/ValidationUGUI/Editor/UGUI/UI/ButtonEditor.cs' (current owner)
We can't assign a new GUID because the asset is in an immutable folder. The asset will be ignored.
GUID [899b803b32ce548918778bacc0a950f0] for asset 'Packages/com.unity.ugui/Editor/UGUI/UI/CanvasGroupEditor.cs' conflicts with:
  'Assets/ValidationUGUI/Editor/UGUI/UI/CanvasGroupEditor.cs' (current owner)
We can't assign a new GUID because the asset is in an immutable folder. The asset will be ignored.
GUID [3bce033ee26244e419b3bb3bba95a37d] for asset 'Packages/com.unity.ugui/Editor/UGUI/UI/CanvasScalerEditor.cs' conflicts with:
  'Assets/ValidationUGUI/Editor/UGUI/UI/CanvasScalerEditor.cs' (current owner)
We can't assign a new GUID because the asset is in an immutable folder. The asset will be ignored.
GUID [35d143b352678294ab0f5feb97b67f88] for asset 'Packages/com.unity.ugui/Editor/UGUI/UI/ContentSizeFitterEditor.cs' conflicts with:
  'Assets/ValidationUGUI/Editor/UGUI/UI/ContentSizeFitterEditor.cs' (current owner)
We can't assign a new GUID because the asset is in an immutable folder. The asset will be ignored.
GUID [05f582d4fbc8e0c40afccb76bbbe0935] for asset 'Packages/com.unity.ugui/Editor/UGUI/UI/DropdownEditor.cs' conflicts with:
  'Assets/ValidationUGUI/Editor/UGUI/UI/DropdownEditor.cs' (current owner)
We can't assign a new GUID because the asset is in an immutable folder. The asset will be ignored.
GUID [c890977a36bfdc849872b9337ab89098] for asset 'Packages/com.unity.ugui/Editor/UGUI/UI/GraphicEditor.cs' conflicts with:
  'Assets/ValidationUGUI/Editor/UGUI/UI/GraphicEditor.cs' (current owner)
We can't assign a new GUID because the asset is in an immutable folder. The asset will be ignored.
GUID [6a981cd1456bec84b86e1c66773f57f5] for asset 'Packages/com.unity.ugui/Editor/UGUI/UI/GridLayoutGroupEditor.cs' conflicts with:
  'Assets/ValidationUGUI/Editor/UGUI/UI/GridLayoutGroupEditor.cs' (current owner)
We can't assign a new GUID because the asset is in an immutable folder. The asset will be ignored.
GUID [cb319974ad8ebd44aa1e1fbb02640b5b] for asset 'Packages/com.unity.ugui/Editor/UGUI/UI/HorizontalOrVerticalLayoutGroupEditor.cs' conflicts with:
  'Assets/ValidationUGUI/Editor/UGUI/UI/HorizontalOrVerticalLayoutGroupEditor.cs' (current owner)
We can't assign a new GUID because the asset is in an immutable folder. The asset will be ignored.
GUID [b759d61544e231c41bc88530b1d94ee8] for asset 'Packages/com.unity.ugui/Editor/UGUI/UI/ImageEditor.cs' conflicts with:
  'Assets/ValidationUGUI/Editor/UGUI/UI/ImageEditor.cs' (current owner)
We can't assign a new GUID because the asset is in an immutable folder. The asset will be ignored.
GUID [21d2d5d6901f2ca43a8015c60ada4e2c] for asset 'Packages/com.unity.ugui/Editor/UGUI/UI/InputFieldEditor.cs' conflicts with:
  'Assets/ValidationUGUI/Editor/UGUI/UI/InputFieldEditor.cs' (current owner)
We can't assign a new GUID because the asset is in an immutable folder. The asset will be ignored.
GUID [127023922adddf744b59fa7b0b0c3030] for asset 'Packages/com.unity.ugui/Editor/UGUI/UI/InterceptedEventsPreview.cs' conflicts with:
  'Assets/ValidationUGUI/Editor/UGUI/UI/InterceptedEventsPreview.cs' (current owner)
We can't assign a new GUID because the asset is in an immutable folder. The asset will be ignored.
GUID [7693972390a4ed841a986c0c452c1058] for asset 'Packages/com.unity.ugui/Editor/UGUI/UI/LayoutElementEditor.cs' conflicts with:
  'Assets/ValidationUGUI/Editor/UGUI/UI/LayoutElementEditor.cs' (current owner)
We can't assign a new GUID because the asset is in an immutable folder. The asset will be ignored.
GUID [794f3951c48395848920fdb593a2ae38] for asset 'Packages/com.unity.ugui/Editor/UGUI/UI/LayoutPropertiesPreview.cs' conflicts with:
  'Assets/ValidationUGUI/Editor/UGUI/UI/LayoutPropertiesPreview.cs' (current owner)
We can't assign a new GUID because the asset is in an immutable folder. The asset will be ignored.
GUID [b10cb8fee5b39014d8a417bf413f5e5c] for asset 'Packages/com.unity.ugui/Editor/UGUI/UI/MaskEditor.cs' conflicts with:
  'Assets/ValidationUGUI/Editor/UGUI/UI/MaskEditor.cs' (current owner)
We can't assign a new GUID because the asset is in an immutable folder. The asset will be ignored.
GUID [f867743975592a743a3581ff042bcc25] for asset 'Packages/com.unity.ugui/Editor/UGUI/UI/MenuOptions.cs' conflicts with:
  'Assets/ValidationUGUI/Editor/UGUI/UI/MenuOptions.cs' (current owner)
We can't assign a new GUID because the asset is in an immutable folder. The asset will be ignored.
GUID [a62706dc421fc9b4fa368a8050a930f7] for asset 'Packages/com.unity.ugui/Editor/UGUI/UI/PrefabLayoutRebuilder.cs' conflicts with:
  'Assets/ValidationUGUI/Editor/UGUI/UI/PrefabLayoutRebuilder.cs' (current owner)
We can't assign a new GUID because the asset is in an immutable folder. The asset will be ignored.
GUID [bc9aa6d5a7945f34882c442e9e201537] for asset 'Packages/com.unity.ugui/Editor/UGUI/UI/PropertyDrawers' conflicts with:
  'Assets/ValidationUGUI/Editor/UGUI/UI/PropertyDrawers' (current owner)
We can't assign a new GUID because the asset is in an immutable folder. The asset will be ignored.
GUID [c18288a8d31fc9043a807ee8a9f1ae64] for asset 'Packages/com.unity.ugui/Editor/UGUI/UI/PropertyDrawers/AnimationTriggersDrawer.cs' conflicts with:
  'Assets/ValidationUGUI/Editor/UGUI/UI/PropertyDrawers/AnimationTriggersDrawer.cs' (current owner)
We can't assign a new GUID because the asset is in an immutable folder. The asset will be ignored.
GUID [b825fd5f27403b84f97726dd9c5a5e6f] for asset 'Packages/com.unity.ugui/Editor/UGUI/UI/PropertyDrawers/ColorBlockDrawer.cs' conflicts with:
  'Assets/ValidationUGUI/Editor/UGUI/UI/PropertyDrawers/ColorBlockDrawer.cs' (current owner)
We can't assign a new GUID because the asset is in an immutable folder. The asset will be ignored.
GUID [1385bc74f3945c943be16ecbb1381063] for asset 'Packages/com.unity.ugui/Editor/UGUI/UI/PropertyDrawers/DropdownOptionListDrawer.cs' conflicts with:
  'Assets/ValidationUGUI/Editor/UGUI/UI/PropertyDrawers/DropdownOptionListDrawer.cs' (current owner)
We can't assign a new GUID because the asset is in an immutable folder. The asset will be ignored.
GUID [fea12beeeb5a7a448b5e60f50e40975d] for asset 'Packages/com.unity.ugui/Editor/UGUI/UI/PropertyDrawers/FontDataDrawer.cs' conflicts with:
  'Assets/ValidationUGUI/Editor/UGUI/UI/PropertyDrawers/FontDataDrawer.cs' (current owner)
We can't assign a new GUID because the asset is in an immutable folder. The asset will be ignored.
GUID [fb27f3049fe06c246803a4a4c5b7fda3] for asset 'Packages/com.unity.ugui/Editor/UGUI/UI/PropertyDrawers/NavigationDrawer.cs' conflicts with:
  'Assets/ValidationUGUI/Editor/UGUI/UI/PropertyDrawers/NavigationDrawer.cs' (current owner)
We can't assign a new GUID because the asset is in an immutable folder. The asset will be ignored.
GUID [728d2c19676ea3743aaa087aa28c4a16] for asset 'Packages/com.unity.ugui/Editor/UGUI/UI/PropertyDrawers/SpriteStateDrawer.cs' conflicts with:
  'Assets/ValidationUGUI/Editor/UGUI/UI/PropertyDrawers/SpriteStateDrawer.cs' (current owner)
We can't assign a new GUID because the asset is in an immutable folder. The asset will be ignored.
GUID [e6413f4090046814d802ddbff9890878] for asset 'Packages/com.unity.ugui/Editor/UGUI/UI/RawImageEditor.cs' conflicts with:
  'Assets/ValidationUGUI/Editor/UGUI/UI/RawImageEditor.cs' (current owner)
We can't assign a new GUID because the asset is in an immutable folder. The asset will be ignored.
GUID [d25515b7ecc4c4ad0ad42bb0a34b5bd5] for asset 'Packages/com.unity.ugui/Editor/UGUI/UI/RaycastReceiverEditor.cs' conflicts with:
  'Assets/ValidationUGUI/Editor/UGUI/UI/RaycastReceiverEditor.cs' (current owner)
We can't assign a new GUID because the asset is in an immutable folder. The asset will be ignored.
GUID [58e7d991249847640b1534192721c5ea] for asset 'Packages/com.unity.ugui/Editor/UGUI/UI/RectMask2DEditor.cs' conflicts with:
  'Assets/ValidationUGUI/Editor/UGUI/UI/RectMask2DEditor.cs' (current owner)
We can't assign a new GUID because the asset is in an immutable folder. The asset will be ignored.
GUID [f700f31b2e40d7f4bb69753fdbbbc2b5] for asset 'Packages/com.unity.ugui/Editor/UGUI/UI/ScrollbarEditor.cs' conflicts with:
  'Assets/ValidationUGUI/Editor/UGUI/UI/ScrollbarEditor.cs' (current owner)
We can't assign a new GUID because the asset is in an immutable folder. The asset will be ignored.
GUID [56ba6cb160ebfc042b48224bd1a35614] for asset 'Packages/com.unity.ugui/Editor/UGUI/UI/ScrollRectEditor.cs' conflicts with:
  'Assets/ValidationUGUI/Editor/UGUI/UI/ScrollRectEditor.cs' (current owner)
We can't assign a new GUID because the asset is in an immutable folder. The asset will be ignored.
GUID [e9253e696cd45794d9aec6d4de366b6e] for asset 'Packages/com.unity.ugui/Editor/UGUI/UI/SelectableEditor.cs' conflicts with:
  'Assets/ValidationUGUI/Editor/UGUI/UI/SelectableEditor.cs' (current owner)
We can't assign a new GUID because the asset is in an immutable folder. The asset will be ignored.
GUID [dcf00682bef4d264d84a5c92c8f5a40f] for asset 'Packages/com.unity.ugui/Editor/UGUI/UI/SelfControllerEditor.cs' conflicts with:
  'Assets/ValidationUGUI/Editor/UGUI/UI/SelfControllerEditor.cs' (current owner)
We can't assign a new GUID because the asset is in an immutable folder. The asset will be ignored.
GUID [bc98484caab3b6d4facbcff38be93380] for asset 'Packages/com.unity.ugui/Editor/UGUI/UI/SliderEditor.cs' conflicts with:
  'Assets/ValidationUGUI/Editor/UGUI/UI/SliderEditor.cs' (current owner)
We can't assign a new GUID because the asset is in an immutable folder. The asset will be ignored.
GUID [260b531edc40677429c0198d6961e448] for asset 'Packages/com.unity.ugui/Editor/UGUI/UI/SpriteDrawUtility.cs' conflicts with:
  'Assets/ValidationUGUI/Editor/UGUI/UI/SpriteDrawUtility.cs' (current owner)
We can't assign a new GUID because the asset is in an immutable folder. The asset will be ignored.
GUID [1336690ece4db2740b4ba38873e00dfb] for asset 'Packages/com.unity.ugui/Editor/UGUI/UI/TextEditor.cs' conflicts with:
  'Assets/ValidationUGUI/Editor/UGUI/UI/TextEditor.cs' (current owner)
We can't assign a new GUID because the asset is in an immutable folder. The asset will be ignored.
GUID [d36a7c7a1ed377c4b8008e53032d7dcf] for asset 'Packages/com.unity.ugui/Editor/UGUI/UI/ToggleEditor.cs' conflicts with:
  'Assets/ValidationUGUI/Editor/UGUI/UI/ToggleEditor.cs' (current owner)
We can't assign a new GUID because the asset is in an immutable folder. The asset will be ignored.
GUID [343deaaf83e0cee4ca978e7df0b80d21] for asset 'Packages/com.unity.ugui/Editor/UGUI/UnityEditor.UI.asmdef' conflicts with:
  'Assets/ValidationUGUI/Editor/UGUI/UnityEditor.UI.asmdef' (current owner)
We can't assign a new GUID because the asset is in an immutable folder. The asset will be ignored.
GUID [bab3a29ab4f214742a44add41efffb7d] for asset 'Packages/com.unity.ugui/Runtime/InternalBridge' conflicts with:
  'Assets/ValidationUGUI/Runtime/InternalBridge' (current owner)
We can't assign a new GUID because the asset is in an immutable folder. The asset will be ignored.
GUID [f5bdc05a613799d43845f94fb8735763] for asset 'Packages/com.unity.ugui/Runtime/InternalBridge/AssemblyInfo.cs' conflicts with:
  'Assets/ValidationUGUI/Runtime/InternalBridge/AssemblyInfo.cs' (current owner)
We can't assign a new GUID because the asset is in an immutable folder. The asset will be ignored.
GUID [0ce5fe4db14be432cab1bc46704eef4c] for asset 'Packages/com.unity.ugui/Runtime/InternalBridge/ObjectUtilsBridge.cs' conflicts with:
  'Assets/ValidationUGUI/Runtime/InternalBridge/ObjectUtilsBridge.cs' (current owner)
We can't assign a new GUID because the asset is in an immutable folder. The asset will be ignored.
GUID [987fa2c7d1a0e2242839cb8af2fcecc9] for asset 'Packages/com.unity.ugui/Runtime/InternalBridge/TMPHelpURL.cs' conflicts with:
  'Assets/ValidationUGUI/Runtime/InternalBridge/TMPHelpURL.cs' (current owner)
We can't assign a new GUID because the asset is in an immutable folder. The asset will be ignored.
GUID [43b111c4a445f446abd2c02e77750ff5] for asset 'Packages/com.unity.ugui/Runtime/InternalBridge/Unity.InternalAPIEngineBridge.004.asmdef' conflicts with:
  'Assets/ValidationUGUI/Runtime/InternalBridge/Unity.InternalAPIEngineBridge.004.asmdef' (current owner)
We can't assign a new GUID because the asset is in an immutable folder. The asset will be ignored.
GUID [619aadd8f276341ca84d7ad5a9c6db21] for asset 'Packages/com.unity.ugui/Runtime/TMP' conflicts with:
  'Assets/ValidationUGUI/Runtime/TMP' (current owner)
We can't assign a new GUID because the asset is in an immutable folder. The asset will be ignored.
GUID [1c147d10db452eb4b854a35f84472017] for asset 'Packages/com.unity.ugui/Runtime/TMP/AssemblyInfo.cs' conflicts with:
  'Assets/ValidationUGUI/Runtime/TMP/AssemblyInfo.cs' (current owner)
We can't assign a new GUID because the asset is in an immutable folder. The asset will be ignored.
GUID [871f8edd56e84b8fb295b10cc3c78f36] for asset 'Packages/com.unity.ugui/Runtime/TMP/FastAction.cs' conflicts with:
  'Assets/ValidationUGUI/Runtime/TMP/FastAction.cs' (current owner)
We can't assign a new GUID because the asset is in an immutable folder. The asset will be ignored.
GUID [326e2b1b31fc06d4fa884c803b27b46a] for asset 'Packages/com.unity.ugui/Runtime/TMP/FontFeatureCommon.cs' conflicts with:
  'Assets/ValidationUGUI/Runtime/TMP/FontFeatureCommon.cs' (current owner)
We can't assign a new GUID because the asset is in an immutable folder. The asset will be ignored.
GUID [a4bbbb1fed4e2b7448af9313d6d00536] for asset 'Packages/com.unity.ugui/Runtime/TMP/FontFeatureCommonGPOS.cs' conflicts with:
  'Assets/ValidationUGUI/Runtime/TMP/FontFeatureCommonGPOS.cs' (current owner)
We can't assign a new GUID because the asset is in an immutable folder. The asset will be ignored.
GUID [77b2d47bca9376f4a8ae69084a485957] for asset 'Packages/com.unity.ugui/Runtime/TMP/FontFeatureCommonGSUB.cs' conflicts with:
  'Assets/ValidationUGUI/Runtime/TMP/FontFeatureCommonGSUB.cs' (current owner)
We can't assign a new GUID because the asset is in an immutable folder. The asset will be ignored.
GUID [afc31ad767318c9488de260c166cd21d] for asset 'Packages/com.unity.ugui/Runtime/TMP/ITextPreProcessor.cs' conflicts with:
  'Assets/ValidationUGUI/Runtime/TMP/ITextPreProcessor.cs' (current owner)
We can't assign a new GUID because the asset is in an immutable folder. The asset will be ignored.
GUID [11a6a034ab84493cbed6af5ae7aae78b] for asset 'Packages/com.unity.ugui/Runtime/TMP/MaterialReferenceManager.cs' conflicts with:
  'Assets/ValidationUGUI/Runtime/TMP/MaterialReferenceManager.cs' (current owner)
We can't assign a new GUID because the asset is in an immutable folder. The asset will be ignored.
GUID [32d40088a6124c578ad6b428df586e2e] for asset 'Packages/com.unity.ugui/Runtime/TMP/TextContainer.cs' conflicts with:
  'Assets/ValidationUGUI/Runtime/TMP/TextContainer.cs' (current owner)
We can't assign a new GUID because the asset is in an immutable folder. The asset will be ignored.
GUID [9541d86e2fd84c1d9990edf0852d74ab] for asset 'Packages/com.unity.ugui/Runtime/TMP/TextMeshPro.cs' conflicts with:
  'Assets/ValidationUGUI/Runtime/TMP/TextMeshPro.cs' (current owner)
We can't assign a new GUID because the asset is in an immutable folder. The asset will be ignored.
GUID [f4688fdb7df04437aeb418b961361dc5] for asset 'Packages/com.unity.ugui/Runtime/TMP/TextMeshProUGUI.cs' conflicts with:
  'Assets/ValidationUGUI/Runtime/TMP/TextMeshProUGUI.cs' (current owner)
We can't assign a new GUID because the asset is in an immutable folder. The asset will be ignored.
GUID [3bda1886f58f4e0ab1139400b160c3ee] for asset 'Packages/com.unity.ugui/Runtime/TMP/TMP_Asset.cs' conflicts with:
  'Assets/ValidationUGUI/Runtime/TMP/TMP_Asset.cs' (current owner)
We can't assign a new GUID because the asset is in an immutable folder. The asset will be ignored.
GUID [4ac5b6a65aaeb59478e3b78660e9f134] for asset 'Packages/com.unity.ugui/Runtime/TMP/TMP_Character.cs' conflicts with:
  'Assets/ValidationUGUI/Runtime/TMP/TMP_Character.cs' (current owner)
We can't assign a new GUID because the asset is in an immutable folder. The asset will be ignored.
GUID [90fe1c65e6bb3bc4e90862df7297719e] for asset 'Packages/com.unity.ugui/Runtime/TMP/TMP_CharacterInfo.cs' conflicts with:
  'Assets/ValidationUGUI/Runtime/TMP/TMP_CharacterInfo.cs' (current owner)
We can't assign a new GUID because the asset is in an immutable folder. The asset will be ignored.
GUID [54d21f6ece3b46479f0c328f8c6007e0] for asset 'Packages/com.unity.ugui/Runtime/TMP/TMP_ColorGradient.cs' conflicts with:
  'Assets/ValidationUGUI/Runtime/TMP/TMP_ColorGradient.cs' (current owner)
We can't assign a new GUID because the asset is in an immutable folder. The asset will be ignored.
GUID [21364f754cf9b9b47a60742332d4af56] for asset 'Packages/com.unity.ugui/Runtime/TMP/TMP_Compatibility.cs' conflicts with:
  'Assets/ValidationUGUI/Runtime/TMP/TMP_Compatibility.cs' (current owner)
We can't assign a new GUID because the asset is in an immutable folder. The asset will be ignored.
GUID [658c1fb149e7498aa072b0c0f3bf13f0] for asset 'Packages/com.unity.ugui/Runtime/TMP/TMP_CoroutineTween.cs' conflicts with:
  'Assets/ValidationUGUI/Runtime/TMP/TMP_CoroutineTween.cs' (current owner)
We can't assign a new GUID because the asset is in an immutable folder. The asset will be ignored.
GUID [322392995be44d23a3c86cfd972f838f] for asset 'Packages/com.unity.ugui/Runtime/TMP/TMP_DefaultControls.cs' conflicts with:
  'Assets/ValidationUGUI/Runtime/TMP/TMP_DefaultControls.cs' (current owner)
We can't assign a new GUID because the asset is in an immutable folder. The asset will be ignored.
GUID [7b743370ac3e4ec2a1668f5455a8ef8a] for asset 'Packages/com.unity.ugui/Runtime/TMP/TMP_Dropdown.cs' conflicts with:
  'Assets/ValidationUGUI/Runtime/TMP/TMP_Dropdown.cs' (current owner)
We can't assign a new GUID because the asset is in an immutable folder. The asset will be ignored.
GUID [aaf9006568d76504f982305b517fb490] for asset 'Packages/com.unity.ugui/Runtime/TMP/TMP_DynamicFontAssetUtilities.cs' conflicts with:
  'Assets/ValidationUGUI/Runtime/TMP/TMP_DynamicFontAssetUtilities.cs' (current owner)
We can't assign a new GUID because the asset is in an immutable folder. The asset will be ignored.
GUID [71c1514a6bd24e1e882cebbe1904ce04] for asset 'Packages/com.unity.ugui/Runtime/TMP/TMP_FontAsset.cs' conflicts with:
  'Assets/ValidationUGUI/Runtime/TMP/TMP_FontAsset.cs' (current owner)
We can't assign a new GUID because the asset is in an immutable folder. The asset will be ignored.
GUID [f695b5f9415c40b39ae877eaff41c96e] for asset 'Packages/com.unity.ugui/Runtime/TMP/TMP_FontAssetCommon.cs' conflicts with:
  'Assets/ValidationUGUI/Runtime/TMP/TMP_FontAssetCommon.cs' (current owner)
We can't assign a new GUID because the asset is in an immutable folder. The asset will be ignored.
GUID [0a017569bfe174e4890797b4d64cbabc] for asset 'Packages/com.unity.ugui/Runtime/TMP/TMP_FontAssetUtilities.cs' conflicts with:
  'Assets/ValidationUGUI/Runtime/TMP/TMP_FontAssetUtilities.cs' (current owner)
We can't assign a new GUID because the asset is in an immutable folder. The asset will be ignored.
GUID [27df3b12f30d0b74a9b10a3968c402ff] for asset 'Packages/com.unity.ugui/Runtime/TMP/TMP_FontFeaturesCommon.cs' conflicts with:
  'Assets/ValidationUGUI/Runtime/TMP/TMP_FontFeaturesCommon.cs' (current owner)
We can't assign a new GUID because the asset is in an immutable folder. The asset will be ignored.
GUID [5ea9f573d4b800a49b9d83a1f61c0a88] for asset 'Packages/com.unity.ugui/Runtime/TMP/TMP_FontFeatureTable.cs' conflicts with:
  'Assets/ValidationUGUI/Runtime/TMP/TMP_FontFeatureTable.cs' (current owner)
We can't assign a new GUID because the asset is in an immutable folder. The asset will be ignored.
GUID [2da0c512f12947e489f739169773d7ca] for asset 'Packages/com.unity.ugui/Runtime/TMP/TMP_InputField.cs' conflicts with:
  'Assets/ValidationUGUI/Runtime/TMP/TMP_InputField.cs' (current owner)
We can't assign a new GUID because the asset is in an immutable folder. The asset will be ignored.
GUID [79ff392d1bde4ad78a3836a4a480392d] for asset 'Packages/com.unity.ugui/Runtime/TMP/TMP_InputValidator.cs' conflicts with:
  'Assets/ValidationUGUI/Runtime/TMP/TMP_InputValidator.cs' (current owner)
We can't assign a new GUID because the asset is in an immutable folder. The asset will be ignored.
GUID [b6e75d7f429a4e7e9e1ffb4f85cff49f] for asset 'Packages/com.unity.ugui/Runtime/TMP/TMP_LineInfo.cs' conflicts with:
  'Assets/ValidationUGUI/Runtime/TMP/TMP_LineInfo.cs' (current owner)
We can't assign a new GUID because the asset is in an immutable folder. The asset will be ignored.
GUID [28375447bcea455c9b51a6650b10c9d7] for asset 'Packages/com.unity.ugui/Runtime/TMP/TMP_ListPool.cs' conflicts with:
  'Assets/ValidationUGUI/Runtime/TMP/TMP_ListPool.cs' (current owner)
We can't assign a new GUID because the asset is in an immutable folder. The asset will be ignored.
GUID [6d9df2bc198c417db00037803568139c] for asset 'Packages/com.unity.ugui/Runtime/TMP/TMP_MaterialManager.cs' conflicts with:
  'Assets/ValidationUGUI/Runtime/TMP/TMP_MaterialManager.cs' (current owner)
We can't assign a new GUID because the asset is in an immutable folder. The asset will be ignored.
GUID [e21bec35f48a44298911b25ead550ce3] for asset 'Packages/com.unity.ugui/Runtime/TMP/TMP_MeshInfo.cs' conflicts with:
  'Assets/ValidationUGUI/Runtime/TMP/TMP_MeshInfo.cs' (current owner)
We can't assign a new GUID because the asset is in an immutable folder. The asset will be ignored.
GUID [e69259f6ff914146ad610be5491eb44a] for asset 'Packages/com.unity.ugui/Runtime/TMP/TMP_ObjectPool.cs' conflicts with:
  'Assets/ValidationUGUI/Runtime/TMP/TMP_ObjectPool.cs' (current owner)
We can't assign a new GUID because the asset is in an immutable folder. The asset will be ignored.
GUID [cf1fe50a641faac4691bf49eb32ce333] for asset 'Packages/com.unity.ugui/Runtime/TMP/TMP_PackageResourceImporter.cs' conflicts with:
  'Assets/ValidationUGUI/Runtime/TMP/TMP_PackageResourceImporter.cs' (current owner)
We can't assign a new GUID because the asset is in an immutable folder. The asset will be ignored.
GUID [4877f87131635e6408f8c44e5d86791e] for asset 'Packages/com.unity.ugui/Runtime/TMP/TMP_ResourcesManager.cs' conflicts with:
  'Assets/ValidationUGUI/Runtime/TMP/TMP_ResourcesManager.cs' (current owner)
We can't assign a new GUID because the asset is in an immutable folder. The asset will be ignored.
GUID [b458b2c7f196bdc4581b2f9fd6a5d931] for asset 'Packages/com.unity.ugui/Runtime/TMP/TMP_RichTextTagsCommon.cs' conflicts with:
  'Assets/ValidationUGUI/Runtime/TMP/TMP_RichTextTagsCommon.cs' (current owner)
We can't assign a new GUID because the asset is in an immutable folder. The asset will be ignored.
GUID [34e150112c1c42ac83170b52d898e322] for asset 'Packages/com.unity.ugui/Runtime/TMP/TMP_ScrollbarEventHandler.cs' conflicts with:
  'Assets/ValidationUGUI/Runtime/TMP/TMP_ScrollbarEventHandler.cs' (current owner)
We can't assign a new GUID because the asset is in an immutable folder. The asset will be ignored.
GUID [ca819640f53b48919bf7774744f7f15e] for asset 'Packages/com.unity.ugui/Runtime/TMP/TMP_SelectionCaret.cs' conflicts with:
  'Assets/ValidationUGUI/Runtime/TMP/TMP_SelectionCaret.cs' (current owner)
We can't assign a new GUID because the asset is in an immutable folder. The asset will be ignored.
GUID [2705215ac5b84b70bacc50632be6e391] for asset 'Packages/com.unity.ugui/Runtime/TMP/TMP_Settings.cs' conflicts with:
  'Assets/ValidationUGUI/Runtime/TMP/TMP_Settings.cs' (current owner)
We can't assign a new GUID because the asset is in an immutable folder. The asset will be ignored.
GUID [fea49a0730244a98bf1087f7ca9410a8] for asset 'Packages/com.unity.ugui/Runtime/TMP/TMP_ShaderUtilities.cs' conflicts with:
  'Assets/ValidationUGUI/Runtime/TMP/TMP_ShaderUtilities.cs' (current owner)
We can't assign a new GUID because the asset is in an immutable folder. The asset will be ignored.
GUID [968a09f153574430a6e15ae975145768] for asset 'Packages/com.unity.ugui/Runtime/TMP/TMP_Sprite.cs' conflicts with:
  'Assets/ValidationUGUI/Runtime/TMP/TMP_Sprite.cs' (current owner)
We can't assign a new GUID because the asset is in an immutable folder. The asset will be ignored.
GUID [6366ee97f6b541449155028b9487355a] for asset 'Packages/com.unity.ugui/Runtime/TMP/TMP_SpriteAnimator.cs' conflicts with:
  'Assets/ValidationUGUI/Runtime/TMP/TMP_SpriteAnimator.cs' (current owner)
We can't assign a new GUID because the asset is in an immutable folder. The asset will be ignored.
GUID [84a92b25f83d49b9bc132d206b370281] for asset 'Packages/com.unity.ugui/Runtime/TMP/TMP_SpriteAsset.cs' conflicts with:
  'Assets/ValidationUGUI/Runtime/TMP/TMP_SpriteAsset.cs' (current owner)
We can't assign a new GUID because the asset is in an immutable folder. The asset will be ignored.
GUID [e4e0b1de1aee400d81ed4273141e7823] for asset 'Packages/com.unity.ugui/Runtime/TMP/TMP_SpriteAssetImportFormats.cs' conflicts with:
  'Assets/ValidationUGUI/Runtime/TMP/TMP_SpriteAssetImportFormats.cs' (current owner)
We can't assign a new GUID because the asset is in an immutable folder. The asset will be ignored.
GUID [202d758d102b6854a9710c8b93db742c] for asset 'Packages/com.unity.ugui/Runtime/TMP/TMP_SpriteCharacter.cs' conflicts with:
  'Assets/ValidationUGUI/Runtime/TMP/TMP_SpriteCharacter.cs' (current owner)
We can't assign a new GUID because the asset is in an immutable folder. The asset will be ignored.
GUID [5b5c6a576605b3c4aab7d27193785f27] for asset 'Packages/com.unity.ugui/Runtime/TMP/TMP_SpriteGlyph.cs' conflicts with:
  'Assets/ValidationUGUI/Runtime/TMP/TMP_SpriteGlyph.cs' (current owner)
We can't assign a new GUID because the asset is in an immutable folder. The asset will be ignored.
GUID [30bed781e402439ab8ce4e3357708115] for asset 'Packages/com.unity.ugui/Runtime/TMP/TMP_Style.cs' conflicts with:
  'Assets/ValidationUGUI/Runtime/TMP/TMP_Style.cs' (current owner)
We can't assign a new GUID because the asset is in an immutable folder. The asset will be ignored.
GUID [ab2114bdc8544297b417dfefe9f1e410] for asset 'Packages/com.unity.ugui/Runtime/TMP/TMP_StyleSheet.cs' conflicts with:
  'Assets/ValidationUGUI/Runtime/TMP/TMP_StyleSheet.cs' (current owner)
We can't assign a new GUID because the asset is in an immutable folder. The asset will be ignored.
GUID [07994bfe8b0e4adb97d706de5dea48d5] for asset 'Packages/com.unity.ugui/Runtime/TMP/TMP_SubMesh.cs' conflicts with:
  'Assets/ValidationUGUI/Runtime/TMP/TMP_SubMesh.cs' (current owner)
We can't assign a new GUID because the asset is in an immutable folder. The asset will be ignored.
GUID [058cba836c1846c3aa1c5fd2e28aea77] for asset 'Packages/com.unity.ugui/Runtime/TMP/TMP_SubMeshUI.cs' conflicts with:
  'Assets/ValidationUGUI/Runtime/TMP/TMP_SubMeshUI.cs' (current owner)
We can't assign a new GUID because the asset is in an immutable folder. The asset will be ignored.
GUID [5143f58107604835ab1a5efa2d8818fd] for asset 'Packages/com.unity.ugui/Runtime/TMP/TMP_Text.cs' conflicts with:
  'Assets/ValidationUGUI/Runtime/TMP/TMP_Text.cs' (current owner)
We can't assign a new GUID because the asset is in an immutable folder. The asset will be ignored.
GUID [543674eec776b1442a192c932e6cd9b3] for asset 'Packages/com.unity.ugui/Runtime/TMP/TMP_TextElement.cs' conflicts with:
  'Assets/ValidationUGUI/Runtime/TMP/TMP_TextElement.cs' (current owner)
We can't assign a new GUID because the asset is in an immutable folder. The asset will be ignored.
GUID [87ab1bebe13f41f89d5427e7d2c34d58] for asset 'Packages/com.unity.ugui/Runtime/TMP/TMP_TextElement_Legacy.cs' conflicts with:
  'Assets/ValidationUGUI/Runtime/TMP/TMP_TextElement_Legacy.cs' (current owner)
We can't assign a new GUID because the asset is in an immutable folder. The asset will be ignored.
GUID [4ae64f3f72004807a9f919f9c27af0db] for asset 'Packages/com.unity.ugui/Runtime/TMP/TMP_TextInfo.cs' conflicts with:
  'Assets/ValidationUGUI/Runtime/TMP/TMP_TextInfo.cs' (current owner)
We can't assign a new GUID because the asset is in an immutable folder. The asset will be ignored.
GUID [6ad632cbcc87f634d9b86006cdffdaf5] for asset 'Packages/com.unity.ugui/Runtime/TMP/TMP_TextParsingUtilities.cs' conflicts with:
  'Assets/ValidationUGUI/Runtime/TMP/TMP_TextParsingUtilities.cs' (current owner)
We can't assign a new GUID because the asset is in an immutable folder. The asset will be ignored.
GUID [c8f647c4cc6a64e4ba36c171768ab9a7] for asset 'Packages/com.unity.ugui/Runtime/TMP/TMP_TextProcessingCommon.cs' conflicts with:
  'Assets/ValidationUGUI/Runtime/TMP/TMP_TextProcessingCommon.cs' (current owner)
We can't assign a new GUID because the asset is in an immutable folder. The asset will be ignored.
GUID [20a9b557a46149dfbfa04a3a7080f5aa] for asset 'Packages/com.unity.ugui/Runtime/TMP/TMP_TextProcessingStack.cs' conflicts with:
  'Assets/ValidationUGUI/Runtime/TMP/TMP_TextProcessingStack.cs' (current owner)
We can't assign a new GUID because the asset is in an immutable folder. The asset will be ignored.
GUID [4f0ca6874aa74540bb3d4fe5a0f86bcc] for asset 'Packages/com.unity.ugui/Runtime/TMP/TMP_TextUtilities.cs' conflicts with:
  'Assets/ValidationUGUI/Runtime/TMP/TMP_TextUtilities.cs' (current owner)
We can't assign a new GUID because the asset is in an immutable folder. The asset will be ignored.
GUID [691db8cb70c4426a8ae718465c21345f] for asset 'Packages/com.unity.ugui/Runtime/TMP/TMP_UpdateManager.cs' conflicts with:
  'Assets/ValidationUGUI/Runtime/TMP/TMP_UpdateManager.cs' (current owner)
We can't assign a new GUID because the asset is in an immutable folder. The asset will be ignored.
GUID [a55fb7b4961a425381d1282fc424f966] for asset 'Packages/com.unity.ugui/Runtime/TMP/TMP_UpdateRegistery.cs' conflicts with:
  'Assets/ValidationUGUI/Runtime/TMP/TMP_UpdateRegistery.cs' (current owner)
We can't assign a new GUID because the asset is in an immutable folder. The asset will be ignored.
GUID [96e9072453a441618754c478755b3028] for asset 'Packages/com.unity.ugui/Runtime/TMP/TMPro_EventManager.cs' conflicts with:
  'Assets/ValidationUGUI/Runtime/TMP/TMPro_EventManager.cs' (current owner)
We can't assign a new GUID because the asset is in an immutable folder. The asset will be ignored.
GUID [77476292f9fa4905a787e6417853846b] for asset 'Packages/com.unity.ugui/Runtime/TMP/TMPro_ExtensionMethods.cs' conflicts with:
  'Assets/ValidationUGUI/Runtime/TMP/TMPro_ExtensionMethods.cs' (current owner)
We can't assign a new GUID because the asset is in an immutable folder. The asset will be ignored.
GUID [effb76e1937b45ff8adf45e51a4c08cf] for asset 'Packages/com.unity.ugui/Runtime/TMP/TMPro_MeshUtilities.cs' conflicts with:
  'Assets/ValidationUGUI/Runtime/TMP/TMPro_MeshUtilities.cs' (current owner)
We can't assign a new GUID because the asset is in an immutable folder. The asset will be ignored.
GUID [6055be8ebefd69e48b49212b09b47b2f] for asset 'Packages/com.unity.ugui/Runtime/TMP/Unity.TextMeshPro.asmdef' conflicts with:
  'Assets/ValidationUGUI/Runtime/TMP/Unity.TextMeshPro.asmdef' (current owner)
We can't assign a new GUID because the asset is in an immutable folder. The asset will be ignored.
GUID [1817d28a5343b4ec19b4ec7903730e2c] for asset 'Packages/com.unity.ugui/Runtime/UGUI' conflicts with:
  'Assets/ValidationUGUI/Runtime/UGUI' (current owner)
We can't assign a new GUID because the asset is in an immutable folder. The asset will be ignored.
GUID [58c9792f08de21b4194eb2f9d862dc22] for asset 'Packages/com.unity.ugui/Runtime/UGUI/AssemblyInfo.cs' conflicts with:
  'Assets/ValidationUGUI/Runtime/UGUI/AssemblyInfo.cs' (current owner)
We can't assign a new GUID because the asset is in an immutable folder. The asset will be ignored.
GUID [7f27709c942d91541be1fd6aa5cb3d78] for asset 'Packages/com.unity.ugui/Runtime/UGUI/EventSystem' conflicts with:
  'Assets/ValidationUGUI/Runtime/UGUI/EventSystem' (current owner)
We can't assign a new GUID because the asset is in an immutable folder. The asset will be ignored.
GUID [b3cdabf2f1e76854d8aab5930305d70d] for asset 'Packages/com.unity.ugui/Runtime/UGUI/EventSystem/EventData' conflicts with:
  'Assets/ValidationUGUI/Runtime/UGUI/EventSystem/EventData' (current owner)
We can't assign a new GUID because the asset is in an immutable folder. The asset will be ignored.
GUID [b180fd8310805e44dbbef545d0231418] for asset 'Packages/com.unity.ugui/Runtime/UGUI/EventSystem/EventData/AxisEventData.cs' conflicts with:
  'Assets/ValidationUGUI/Runtime/UGUI/EventSystem/EventData/AxisEventData.cs' (current owner)
We can't assign a new GUID because the asset is in an immutable folder. The asset will be ignored.
GUID [91f495459b6e34f419ac123740d798b1] for asset 'Packages/com.unity.ugui/Runtime/UGUI/EventSystem/EventData/BaseEventData.cs' conflicts with:
  'Assets/ValidationUGUI/Runtime/UGUI/EventSystem/EventData/BaseEventData.cs' (current owner)
We can't assign a new GUID because the asset is in an immutable folder. The asset will be ignored.
GUID [75df57ccb1e44c64085399277405e1ca] for asset 'Packages/com.unity.ugui/Runtime/UGUI/EventSystem/EventData/PointerEventData.cs' conflicts with:
  'Assets/ValidationUGUI/Runtime/UGUI/EventSystem/EventData/PointerEventData.cs' (current owner)
We can't assign a new GUID because the asset is in an immutable folder. The asset will be ignored.
GUID [db7dd43fe1278a9459cd6036f096b91d] for asset 'Packages/com.unity.ugui/Runtime/UGUI/EventSystem/EventHandle.cs' conflicts with:
  'Assets/ValidationUGUI/Runtime/UGUI/EventSystem/EventHandle.cs' (current owner)
We can't assign a new GUID because the asset is in an immutable folder. The asset will be ignored.
GUID [2359c66dee10c454c97f6aea84e3fe22] for asset 'Packages/com.unity.ugui/Runtime/UGUI/EventSystem/EventInterfaces.cs' conflicts with:
  'Assets/ValidationUGUI/Runtime/UGUI/EventSystem/EventInterfaces.cs' (current owner)
We can't assign a new GUID because the asset is in an immutable folder. The asset will be ignored.
GUID [76c392e42b5098c458856cdf6ecaaaa1] for asset 'Packages/com.unity.ugui/Runtime/UGUI/EventSystem/EventSystem.cs' conflicts with:
  'Assets/ValidationUGUI/Runtime/UGUI/EventSystem/EventSystem.cs' (current owner)
We can't assign a new GUID because the asset is in an immutable folder. The asset will be ignored.
GUID [d0b148fe25e99eb48b9724523833bab1] for asset 'Packages/com.unity.ugui/Runtime/UGUI/EventSystem/EventTrigger.cs' conflicts with:
  'Assets/ValidationUGUI/Runtime/UGUI/EventSystem/EventTrigger.cs' (current owner)
We can't assign a new GUID because the asset is in an immutable folder. The asset will be ignored.
GUID [3fa274f26b1574c40b949e114327022e] for asset 'Packages/com.unity.ugui/Runtime/UGUI/EventSystem/EventTriggerType.cs' conflicts with:
  'Assets/ValidationUGUI/Runtime/UGUI/EventSystem/EventTriggerType.cs' (current owner)
We can't assign a new GUID because the asset is in an immutable folder. The asset will be ignored.
GUID [623c79a1e113b4941afdbfc88d19e8fd] for asset 'Packages/com.unity.ugui/Runtime/UGUI/EventSystem/ExecuteEvents.cs' conflicts with:
  'Assets/ValidationUGUI/Runtime/UGUI/EventSystem/ExecuteEvents.cs' (current owner)
We can't assign a new GUID because the asset is in an immutable folder. The asset will be ignored.
GUID [8e78f8a8575e4a04f8337a54e241cdc5] for asset 'Packages/com.unity.ugui/Runtime/UGUI/EventSystem/InputModules' conflicts with:
  'Assets/ValidationUGUI/Runtime/UGUI/EventSystem/InputModules' (current owner)
We can't assign a new GUID because the asset is in an immutable folder. The asset will be ignored.
GUID [1511ccae7919cfc46b603b9b337fdc94] for asset 'Packages/com.unity.ugui/Runtime/UGUI/EventSystem/InputModules/BaseInput.cs' conflicts with:
  'Assets/ValidationUGUI/Runtime/UGUI/EventSystem/InputModules/BaseInput.cs' (current owner)
We can't assign a new GUID because the asset is in an immutable folder. The asset will be ignored.
GUID [1ea10891dd782154ca0fb67bce9e6f72] for asset 'Packages/com.unity.ugui/Runtime/UGUI/EventSystem/InputModules/BaseInputModule.cs' conflicts with:
  'Assets/ValidationUGUI/Runtime/UGUI/EventSystem/InputModules/BaseInputModule.cs' (current owner)
We can't assign a new GUID because the asset is in an immutable folder. The asset will be ignored.
GUID [cbab8835092323a4389f2dc7d8f6c781] for asset 'Packages/com.unity.ugui/Runtime/UGUI/EventSystem/InputModules/PointerInputModule.cs' conflicts with:
  'Assets/ValidationUGUI/Runtime/UGUI/EventSystem/InputModules/PointerInputModule.cs' (current owner)
We can't assign a new GUID because the asset is in an immutable folder. The asset will be ignored.
GUID [4f231c4fb786f3946a6b90b886c48677] for asset 'Packages/com.unity.ugui/Runtime/UGUI/EventSystem/InputModules/StandaloneInputModule.cs' conflicts with:
  'Assets/ValidationUGUI/Runtime/UGUI/EventSystem/InputModules/StandaloneInputModule.cs' (current owner)
We can't assign a new GUID because the asset is in an immutable folder. The asset will be ignored.
GUID [2d49b7c1bcd2e07499844da127be038d] for asset 'Packages/com.unity.ugui/Runtime/UGUI/EventSystem/InputModules/TouchInputModule.cs' conflicts with:
  'Assets/ValidationUGUI/Runtime/UGUI/EventSystem/InputModules/TouchInputModule.cs' (current owner)
We can't assign a new GUID because the asset is in an immutable folder. The asset will be ignored.
GUID [4d2250412b81fe34abf39f246e274479] for asset 'Packages/com.unity.ugui/Runtime/UGUI/EventSystem/MoveDirection.cs' conflicts with:
  'Assets/ValidationUGUI/Runtime/UGUI/EventSystem/MoveDirection.cs' (current owner)
We can't assign a new GUID because the asset is in an immutable folder. The asset will be ignored.
GUID [26570be2af04195458e6f1ac1f5c48e0] for asset 'Packages/com.unity.ugui/Runtime/UGUI/EventSystem/RaycasterManager.cs' conflicts with:
  'Assets/ValidationUGUI/Runtime/UGUI/EventSystem/RaycasterManager.cs' (current owner)
We can't assign a new GUID because the asset is in an immutable folder. The asset will be ignored.
GUID [46646a5562f14984690c85ee7b946bc9] for asset 'Packages/com.unity.ugui/Runtime/UGUI/EventSystem/Raycasters' conflicts with:
  'Assets/ValidationUGUI/Runtime/UGUI/EventSystem/Raycasters' (current owner)
We can't assign a new GUID because the asset is in an immutable folder. The asset will be ignored.
GUID [426106349a0ff964fa4e7178c1d3a4f5] for asset 'Packages/com.unity.ugui/Runtime/UGUI/EventSystem/Raycasters/BaseRaycaster.cs' conflicts with:
  'Assets/ValidationUGUI/Runtime/UGUI/EventSystem/Raycasters/BaseRaycaster.cs' (current owner)
We can't assign a new GUID because the asset is in an immutable folder. The asset will be ignored.
GUID [56666c5a40171f54783dd416a44f42bf] for asset 'Packages/com.unity.ugui/Runtime/UGUI/EventSystem/Raycasters/Physics2DRaycaster.cs' conflicts with:
  'Assets/ValidationUGUI/Runtime/UGUI/EventSystem/Raycasters/Physics2DRaycaster.cs' (current owner)
We can't assign a new GUID because the asset is in an immutable folder. The asset will be ignored.
GUID [c49b4cc203aa6414fae5c798d1d0e7d6] for asset 'Packages/com.unity.ugui/Runtime/UGUI/EventSystem/Raycasters/PhysicsRaycaster.cs' conflicts with:
  'Assets/ValidationUGUI/Runtime/UGUI/EventSystem/Raycasters/PhysicsRaycaster.cs' (current owner)
We can't assign a new GUID because the asset is in an immutable folder. The asset will be ignored.
GUID [3550d8ec6f29ab34d895ae9a43d560c2] for asset 'Packages/com.unity.ugui/Runtime/UGUI/EventSystem/RaycastResult.cs' conflicts with:
  'Assets/ValidationUGUI/Runtime/UGUI/EventSystem/RaycastResult.cs' (current owner)
We can't assign a new GUID because the asset is in an immutable folder. The asset will be ignored.
GUID [0aaa057ce5566e940b18a0ccd0344693] for asset 'Packages/com.unity.ugui/Runtime/UGUI/EventSystem/UIBehaviour.cs' conflicts with:
  'Assets/ValidationUGUI/Runtime/UGUI/EventSystem/UIBehaviour.cs' (current owner)
We can't assign a new GUID because the asset is in an immutable folder. The asset will be ignored.
GUID [5dc64c943466a44498be3b620c743b45] for asset 'Packages/com.unity.ugui/Runtime/UGUI/EventSystem/UIElements' conflicts with:
  'Assets/ValidationUGUI/Runtime/UGUI/EventSystem/UIElements' (current owner)
We can't assign a new GUID because the asset is in an immutable folder. The asset will be ignored.
GUID [8a410b213209442fb15a69799f0240a5] for asset 'Packages/com.unity.ugui/Runtime/UGUI/EventSystem/UIElements/PanelEventHandler.cs' conflicts with:
  'Assets/ValidationUGUI/Runtime/UGUI/EventSystem/UIElements/PanelEventHandler.cs' (current owner)
We can't assign a new GUID because the asset is in an immutable folder. The asset will be ignored.
GUID [7a79c4e23d4d4b64bfa5fa9e6671a460] for asset 'Packages/com.unity.ugui/Runtime/UGUI/EventSystem/UIElements/PanelRaycaster.cs' conflicts with:
  'Assets/ValidationUGUI/Runtime/UGUI/EventSystem/UIElements/PanelRaycaster.cs' (current owner)
We can't assign a new GUID because the asset is in an immutable folder. The asset will be ignored.
GUID [ba923e2b58fea044bb1f8839376a1118] for asset 'Packages/com.unity.ugui/Runtime/UGUI/EventSystem/UIElements/UIToolkitInteroperabilityBridge.cs' conflicts with:
  'Assets/ValidationUGUI/Runtime/UGUI/EventSystem/UIElements/UIToolkitInteroperabilityBridge.cs' (current owner)
We can't assign a new GUID because the asset is in an immutable folder. The asset will be ignored.
GUID [2c727e4c005e5114fb3348a38c4cebbf] for asset 'Packages/com.unity.ugui/Runtime/UGUI/EventSystem/UIElements/WorldDocumentRaycaster.cs' conflicts with:
  'Assets/ValidationUGUI/Runtime/UGUI/EventSystem/UIElements/WorldDocumentRaycaster.cs' (current owner)
We can't assign a new GUID because the asset is in an immutable folder. The asset will be ignored.
GUID [32e2186f4598cff489784aae586f2215] for asset 'Packages/com.unity.ugui/Runtime/UGUI/Properties' conflicts with:
  'Assets/ValidationUGUI/Runtime/UGUI/Properties' (current owner)
We can't assign a new GUID because the asset is in an immutable folder. The asset will be ignored.
GUID [7d7bd4bcc815cfb44b9990c29dabdb9f] for asset 'Packages/com.unity.ugui/Runtime/UGUI/Properties/AssemblyInfo.cs' conflicts with:
  'Assets/ValidationUGUI/Runtime/UGUI/Properties/AssemblyInfo.cs' (current owner)
We can't assign a new GUID because the asset is in an immutable folder. The asset will be ignored.
GUID [742654cad2425334696ba6ed4495cfef] for asset 'Packages/com.unity.ugui/Runtime/UGUI/UI' conflicts with:
  'Assets/ValidationUGUI/Runtime/UGUI/UI' (current owner)
We can't assign a new GUID because the asset is in an immutable folder. The asset will be ignored.
GUID [5472815444de2ce45bf2053a4af04b9d] for asset 'Packages/com.unity.ugui/Runtime/UGUI/UI/Animation' conflicts with:
  'Assets/ValidationUGUI/Runtime/UGUI/UI/Animation' (current owner)
We can't assign a new GUID because the asset is in an immutable folder. The asset will be ignored.
GUID [7be84a49bb2cd7e4a9ed097ba22794d0] for asset 'Packages/com.unity.ugui/Runtime/UGUI/UI/Animation/CoroutineTween.cs' conflicts with:
  'Assets/ValidationUGUI/Runtime/UGUI/UI/Animation/CoroutineTween.cs' (current owner)
We can't assign a new GUID because the asset is in an immutable folder. The asset will be ignored.
GUID [12c42068351bb084abde965d725b9887] for asset 'Packages/com.unity.ugui/Runtime/UGUI/UI/Core' conflicts with:
  'Assets/ValidationUGUI/Runtime/UGUI/UI/Core' (current owner)
We can't assign a new GUID because the asset is in an immutable folder. The asset will be ignored.
GUID [c67ac6e40bbb6fe47a095b949b609ce0] for asset 'Packages/com.unity.ugui/Runtime/UGUI/UI/Core/AnimationTriggers.cs' conflicts with:
  'Assets/ValidationUGUI/Runtime/UGUI/UI/Core/AnimationTriggers.cs' (current owner)
We can't assign a new GUID because the asset is in an immutable folder. The asset will be ignored.
GUID [4e29b1a8efbd4b44bb3f3716e73f07ff] for asset 'Packages/com.unity.ugui/Runtime/UGUI/UI/Core/Button.cs' conflicts with:
  'Assets/ValidationUGUI/Runtime/UGUI/UI/Core/Button.cs' (current owner)
We can't assign a new GUID because the asset is in an immutable folder. The asset will be ignored.
GUID [bfb788a43e03363419155b8af77da971] for asset 'Packages/com.unity.ugui/Runtime/UGUI/UI/Core/CanvasUpdateRegistry.cs' conflicts with:
  'Assets/ValidationUGUI/Runtime/UGUI/UI/Core/CanvasUpdateRegistry.cs' (current owner)
We can't assign a new GUID because the asset is in an immutable folder. The asset will be ignored.
GUID [83088ba2132cbc940b7ca0c679a02b0d] for asset 'Packages/com.unity.ugui/Runtime/UGUI/UI/Core/ColorBlock.cs' conflicts with:
  'Assets/ValidationUGUI/Runtime/UGUI/UI/Core/ColorBlock.cs' (current owner)
We can't assign a new GUID because the asset is in an immutable folder. The asset will be ignored.
GUID [27ed3e221887b3544bd9d6505d4a789f] for asset 'Packages/com.unity.ugui/Runtime/UGUI/UI/Core/Culling' conflicts with:
  'Assets/ValidationUGUI/Runtime/UGUI/UI/Core/Culling' (current owner)
We can't assign a new GUID because the asset is in an immutable folder. The asset will be ignored.
GUID [9f1026265f8e3d54fb6e9f082c43debf] for asset 'Packages/com.unity.ugui/Runtime/UGUI/UI/Core/Culling/ClipperRegistry.cs' conflicts with:
  'Assets/ValidationUGUI/Runtime/UGUI/UI/Core/Culling/ClipperRegistry.cs' (current owner)
We can't assign a new GUID because the asset is in an immutable folder. The asset will be ignored.
GUID [67e3583b91179094094c6a188b232262] for asset 'Packages/com.unity.ugui/Runtime/UGUI/UI/Core/Culling/Clipping.cs' conflicts with:
  'Assets/ValidationUGUI/Runtime/UGUI/UI/Core/Culling/Clipping.cs' (current owner)
We can't assign a new GUID because the asset is in an immutable folder. The asset will be ignored.
GUID [371b6b9c8adc50745ace66a6fdf67481] for asset 'Packages/com.unity.ugui/Runtime/UGUI/UI/Core/Culling/IClipRegion.cs' conflicts with:
  'Assets/ValidationUGUI/Runtime/UGUI/UI/Core/Culling/IClipRegion.cs' (current owner)
We can't assign a new GUID because the asset is in an immutable folder. The asset will be ignored.
GUID [c606041f02fc7d542b1429806872292b] for asset 'Packages/com.unity.ugui/Runtime/UGUI/UI/Core/Culling/RectangularVertexClipper.cs' conflicts with:
  'Assets/ValidationUGUI/Runtime/UGUI/UI/Core/Culling/RectangularVertexClipper.cs' (current owner)
We can't assign a new GUID because the asset is in an immutable folder. The asset will be ignored.
GUID [bf87e20fb5440ec498f441167b5291f8] for asset 'Packages/com.unity.ugui/Runtime/UGUI/UI/Core/DefaultControls.cs' conflicts with:
  'Assets/ValidationUGUI/Runtime/UGUI/UI/Core/DefaultControls.cs' (current owner)
We can't assign a new GUID because the asset is in an immutable folder. The asset will be ignored.
GUID [0d0b652f32a2cc243917e4028fa0f046] for asset 'Packages/com.unity.ugui/Runtime/UGUI/UI/Core/Dropdown.cs' conflicts with:
  'Assets/ValidationUGUI/Runtime/UGUI/UI/Core/Dropdown.cs' (current owner)
We can't assign a new GUID because the asset is in an immutable folder. The asset will be ignored.
GUID [13cd966480ec3354bb318ee1aeccff6f] for asset 'Packages/com.unity.ugui/Runtime/UGUI/UI/Core/FontData.cs' conflicts with:
  'Assets/ValidationUGUI/Runtime/UGUI/UI/Core/FontData.cs' (current owner)
We can't assign a new GUID because the asset is in an immutable folder. The asset will be ignored.
GUID [39ab466162988eb4f83443f911bbf5c8] for asset 'Packages/com.unity.ugui/Runtime/UGUI/UI/Core/FontUpdateTracker.cs' conflicts with:
  'Assets/ValidationUGUI/Runtime/UGUI/UI/Core/FontUpdateTracker.cs' (current owner)
We can't assign a new GUID because the asset is in an immutable folder. The asset will be ignored.
GUID [a6238e9452bfc704f82ff36791fe1a45] for asset 'Packages/com.unity.ugui/Runtime/UGUI/UI/Core/Graphic.cs' conflicts with:
  'Assets/ValidationUGUI/Runtime/UGUI/UI/Core/Graphic.cs' (current owner)
We can't assign a new GUID because the asset is in an immutable folder. The asset will be ignored.
GUID [dc42784cf147c0c48a680349fa168899] for asset 'Packages/com.unity.ugui/Runtime/UGUI/UI/Core/GraphicRaycaster.cs' conflicts with:
  'Assets/ValidationUGUI/Runtime/UGUI/UI/Core/GraphicRaycaster.cs' (current owner)
We can't assign a new GUID because the asset is in an immutable folder. The asset will be ignored.
GUID [445cdcfc747eba94288b97f5869aa2fb] for asset 'Packages/com.unity.ugui/Runtime/UGUI/UI/Core/GraphicRebuildTracker.cs' conflicts with:
  'Assets/ValidationUGUI/Runtime/UGUI/UI/Core/GraphicRebuildTracker.cs' (current owner)
We can't assign a new GUID because the asset is in an immutable folder. The asset will be ignored.
GUID [69e3979b7029e8a4da2d96b714ba5c3a] for asset 'Packages/com.unity.ugui/Runtime/UGUI/UI/Core/GraphicRegistry.cs' conflicts with:
  'Assets/ValidationUGUI/Runtime/UGUI/UI/Core/GraphicRegistry.cs' (current owner)
We can't assign a new GUID because the asset is in an immutable folder. The asset will be ignored.
GUID [928dc55e2c8c3ee4dad33b6d561cb6ea] for asset 'Packages/com.unity.ugui/Runtime/UGUI/UI/Core/IGraphicEnabledDisabled.cs' conflicts with:
  'Assets/ValidationUGUI/Runtime/UGUI/UI/Core/IGraphicEnabledDisabled.cs' (current owner)
We can't assign a new GUID because the asset is in an immutable folder. The asset will be ignored.
GUID [fe87c0e1cc204ed48ad3b37840f39efc] for asset 'Packages/com.unity.ugui/Runtime/UGUI/UI/Core/Image.cs' conflicts with:
  'Assets/ValidationUGUI/Runtime/UGUI/UI/Core/Image.cs' (current owner)
We can't assign a new GUID because the asset is in an immutable folder. The asset will be ignored.
GUID [ceb629fc661813d40986b4abbefe72c6] for asset 'Packages/com.unity.ugui/Runtime/UGUI/UI/Core/IMask.cs' conflicts with:
  'Assets/ValidationUGUI/Runtime/UGUI/UI/Core/IMask.cs' (current owner)
We can't assign a new GUID because the asset is in an immutable folder. The asset will be ignored.
GUID [61a20120cddc53849bbc10fc805ffe3e] for asset 'Packages/com.unity.ugui/Runtime/UGUI/UI/Core/IMaskable.cs' conflicts with:
  'Assets/ValidationUGUI/Runtime/UGUI/UI/Core/IMaskable.cs' (current owner)
We can't assign a new GUID because the asset is in an immutable folder. The asset will be ignored.
GUID [d199490a83bb2b844b9695cbf13b01ef] for asset 'Packages/com.unity.ugui/Runtime/UGUI/UI/Core/InputField.cs' conflicts with:
  'Assets/ValidationUGUI/Runtime/UGUI/UI/Core/InputField.cs' (current owner)
We can't assign a new GUID because the asset is in an immutable folder. The asset will be ignored.
GUID [1999349e7f492c947bb6eb70f624382e] for asset 'Packages/com.unity.ugui/Runtime/UGUI/UI/Core/Layout' conflicts with:
  'Assets/ValidationUGUI/Runtime/UGUI/UI/Core/Layout' (current owner)
We can't assign a new GUID because the asset is in an immutable folder. The asset will be ignored.
GUID [86710e43de46f6f4bac7c8e50813a599] for asset 'Packages/com.unity.ugui/Runtime/UGUI/UI/Core/Layout/AspectRatioFitter.cs' conflicts with:
  'Assets/ValidationUGUI/Runtime/UGUI/UI/Core/Layout/AspectRatioFitter.cs' (current owner)
We can't assign a new GUID because the asset is in an immutable folder. The asset will be ignored.
GUID [0cd44c1031e13a943bb63640046fad76] for asset 'Packages/com.unity.ugui/Runtime/UGUI/UI/Core/Layout/CanvasScaler.cs' conflicts with:
  'Assets/ValidationUGUI/Runtime/UGUI/UI/Core/Layout/CanvasScaler.cs' (current owner)
We can't assign a new GUID because the asset is in an immutable folder. The asset will be ignored.
GUID [3245ec927659c4140ac4f8d17403cc18] for asset 'Packages/com.unity.ugui/Runtime/UGUI/UI/Core/Layout/ContentSizeFitter.cs' conflicts with:
  'Assets/ValidationUGUI/Runtime/UGUI/UI/Core/Layout/ContentSizeFitter.cs' (current owner)
We can't assign a new GUID because the asset is in an immutable folder. The asset will be ignored.
GUID [8a8695521f0d02e499659fee002a26c2] for asset 'Packages/com.unity.ugui/Runtime/UGUI/UI/Core/Layout/GridLayoutGroup.cs' conflicts with:
  'Assets/ValidationUGUI/Runtime/UGUI/UI/Core/Layout/GridLayoutGroup.cs' (current owner)
We can't assign a new GUID because the asset is in an immutable folder. The asset will be ignored.
GUID [30649d3a9faa99c48a7b1166b86bf2a0] for asset 'Packages/com.unity.ugui/Runtime/UGUI/UI/Core/Layout/HorizontalLayoutGroup.cs' conflicts with:
  'Assets/ValidationUGUI/Runtime/UGUI/UI/Core/Layout/HorizontalLayoutGroup.cs' (current owner)
We can't assign a new GUID because the asset is in an immutable folder. The asset will be ignored.
GUID [a5c214e5846a99242b348c37e49b2f59] for asset 'Packages/com.unity.ugui/Runtime/UGUI/UI/Core/Layout/HorizontalOrVerticalLayoutGroup.cs' conflicts with:
  'Assets/ValidationUGUI/Runtime/UGUI/UI/Core/Layout/HorizontalOrVerticalLayoutGroup.cs' (current owner)
We can't assign a new GUID because the asset is in an immutable folder. The asset will be ignored.
GUID [368d3a0498e78014da578aa5f45e2797] for asset 'Packages/com.unity.ugui/Runtime/UGUI/UI/Core/Layout/ILayoutElement.cs' conflicts with:
  'Assets/ValidationUGUI/Runtime/UGUI/UI/Core/Layout/ILayoutElement.cs' (current owner)
We can't assign a new GUID because the asset is in an immutable folder. The asset will be ignored.
GUID [306cc8c2b49d7114eaa3623786fc2126] for asset 'Packages/com.unity.ugui/Runtime/UGUI/UI/Core/Layout/LayoutElement.cs' conflicts with:
  'Assets/ValidationUGUI/Runtime/UGUI/UI/Core/Layout/LayoutElement.cs' (current owner)
We can't assign a new GUID because the asset is in an immutable folder. The asset will be ignored.
GUID [cb7c939a806f03341b682c180dc13f08] for asset 'Packages/com.unity.ugui/Runtime/UGUI/UI/Core/Layout/LayoutGroup.cs' conflicts with:
  'Assets/ValidationUGUI/Runtime/UGUI/UI/Core/Layout/LayoutGroup.cs' (current owner)
We can't assign a new GUID because the asset is in an immutable folder. The asset will be ignored.
GUID [006633c8a6f4ae94aa9babf72234e1a2] for asset 'Packages/com.unity.ugui/Runtime/UGUI/UI/Core/Layout/LayoutRebuilder.cs' conflicts with:
  'Assets/ValidationUGUI/Runtime/UGUI/UI/Core/Layout/LayoutRebuilder.cs' (current owner)
We can't assign a new GUID because the asset is in an immutable folder. The asset will be ignored.
GUID [82bf3f737dec0be43a60891958a8da87] for asset 'Packages/com.unity.ugui/Runtime/UGUI/UI/Core/Layout/LayoutUtility.cs' conflicts with:
  'Assets/ValidationUGUI/Runtime/UGUI/UI/Core/Layout/LayoutUtility.cs' (current owner)
We can't assign a new GUID because the asset is in an immutable folder. The asset will be ignored.
GUID [59f8146938fff824cb5fd77236b75775] for asset 'Packages/com.unity.ugui/Runtime/UGUI/UI/Core/Layout/VerticalLayoutGroup.cs' conflicts with:
  'Assets/ValidationUGUI/Runtime/UGUI/UI/Core/Layout/VerticalLayoutGroup.cs' (current owner)
We can't assign a new GUID because the asset is in an immutable folder. The asset will be ignored.
GUID [31a19414c41e5ae4aae2af33fee712f6] for asset 'Packages/com.unity.ugui/Runtime/UGUI/UI/Core/Mask.cs' conflicts with:
  'Assets/ValidationUGUI/Runtime/UGUI/UI/Core/Mask.cs' (current owner)
We can't assign a new GUID because the asset is in an immutable folder. The asset will be ignored.
GUID [976acc75bfafe594cb01142ba21947be] for asset 'Packages/com.unity.ugui/Runtime/UGUI/UI/Core/MaskableGraphic.cs' conflicts with:
  'Assets/ValidationUGUI/Runtime/UGUI/UI/Core/MaskableGraphic.cs' (current owner)
We can't assign a new GUID because the asset is in an immutable folder. The asset will be ignored.
GUID [7bd96d76711152648a736c4d28d865f2] for asset 'Packages/com.unity.ugui/Runtime/UGUI/UI/Core/MaskUtilities.cs' conflicts with:
  'Assets/ValidationUGUI/Runtime/UGUI/UI/Core/MaskUtilities.cs' (current owner)
We can't assign a new GUID because the asset is in an immutable folder. The asset will be ignored.
GUID [7c6295db74da28645bf49db58b7c9c65] for asset 'Packages/com.unity.ugui/Runtime/UGUI/UI/Core/MaterialModifiers' conflicts with:
  'Assets/ValidationUGUI/Runtime/UGUI/UI/Core/MaterialModifiers' (current owner)
We can't assign a new GUID because the asset is in an immutable folder. The asset will be ignored.
GUID [20ff4283f687e044087714f82c4d6d3f] for asset 'Packages/com.unity.ugui/Runtime/UGUI/UI/Core/MaterialModifiers/IMaterialModifier.cs' conflicts with:
  'Assets/ValidationUGUI/Runtime/UGUI/UI/Core/MaterialModifiers/IMaterialModifier.cs' (current owner)
We can't assign a new GUID because the asset is in an immutable folder. The asset will be ignored.
GUID [828075bc53f2de84982a943870529b7b] for asset 'Packages/com.unity.ugui/Runtime/UGUI/UI/Core/Misc.cs' conflicts with:
  'Assets/ValidationUGUI/Runtime/UGUI/UI/Core/Misc.cs' (current owner)
We can't assign a new GUID because the asset is in an immutable folder. The asset will be ignored.
GUID [5ebeb75bd91642048bb3f6c1939fde66] for asset 'Packages/com.unity.ugui/Runtime/UGUI/UI/Core/MultipleDisplayUtilities.cs' conflicts with:
  'Assets/ValidationUGUI/Runtime/UGUI/UI/Core/MultipleDisplayUtilities.cs' (current owner)
We can't assign a new GUID because the asset is in an immutable folder. The asset will be ignored.
GUID [61d491d99e9292c4a81d7d01a74781ea] for asset 'Packages/com.unity.ugui/Runtime/UGUI/UI/Core/Navigation.cs' conflicts with:
  'Assets/ValidationUGUI/Runtime/UGUI/UI/Core/Navigation.cs' (current owner)
We can't assign a new GUID because the asset is in an immutable folder. The asset will be ignored.
GUID [1344c3c82d62a2a41a3576d8abb8e3ea] for asset 'Packages/com.unity.ugui/Runtime/UGUI/UI/Core/RawImage.cs' conflicts with:
  'Assets/ValidationUGUI/Runtime/UGUI/UI/Core/RawImage.cs' (current owner)
We can't assign a new GUID because the asset is in an immutable folder. The asset will be ignored.
GUID [9353b7d498b954a06ae1228982925d0b] for asset 'Packages/com.unity.ugui/Runtime/UGUI/UI/Core/RaycastReceiver.cs' conflicts with:
  'Assets/ValidationUGUI/Runtime/UGUI/UI/Core/RaycastReceiver.cs' (current owner)
We can't assign a new GUID because the asset is in an immutable folder. The asset will be ignored.
GUID [3312d7739989d2b4e91e6319e9a96d76] for asset 'Packages/com.unity.ugui/Runtime/UGUI/UI/Core/RectMask2D.cs' conflicts with:
  'Assets/ValidationUGUI/Runtime/UGUI/UI/Core/RectMask2D.cs' (current owner)
We can't assign a new GUID because the asset is in an immutable folder. The asset will be ignored.
GUID [2a4db7a114972834c8e4117be1d82ba3] for asset 'Packages/com.unity.ugui/Runtime/UGUI/UI/Core/Scrollbar.cs' conflicts with:
  'Assets/ValidationUGUI/Runtime/UGUI/UI/Core/Scrollbar.cs' (current owner)
We can't assign a new GUID because the asset is in an immutable folder. The asset will be ignored.
GUID [1aa08ab6e0800fa44ae55d278d1423e3] for asset 'Packages/com.unity.ugui/Runtime/UGUI/UI/Core/ScrollRect.cs' conflicts with:
  'Assets/ValidationUGUI/Runtime/UGUI/UI/Core/ScrollRect.cs' (current owner)
We can't assign a new GUID because the asset is in an immutable folder. The asset will be ignored.
GUID [7a98125502f715b4b83cfb77b434e436] for asset 'Packages/com.unity.ugui/Runtime/UGUI/UI/Core/Selectable.cs' conflicts with:
  'Assets/ValidationUGUI/Runtime/UGUI/UI/Core/Selectable.cs' (current owner)
We can't assign a new GUID because the asset is in an immutable folder. The asset will be ignored.
GUID [b9ba34e0b1884454fbc4257260e22b64] for asset 'Packages/com.unity.ugui/Runtime/UGUI/UI/Core/SetPropertyUtility.cs' conflicts with:
  'Assets/ValidationUGUI/Runtime/UGUI/UI/Core/SetPropertyUtility.cs' (current owner)
We can't assign a new GUID because the asset is in an immutable folder. The asset will be ignored.
GUID [67db9e8f0e2ae9c40bc1e2b64352a6b4] for asset 'Packages/com.unity.ugui/Runtime/UGUI/UI/Core/Slider.cs' conflicts with:
  'Assets/ValidationUGUI/Runtime/UGUI/UI/Core/Slider.cs' (current owner)
We can't assign a new GUID because the asset is in an immutable folder. The asset will be ignored.
GUID [f8ed4321a98682942b9980996131cf26] for asset 'Packages/com.unity.ugui/Runtime/UGUI/UI/Core/SpecializedCollections' conflicts with:
  'Assets/ValidationUGUI/Runtime/UGUI/UI/Core/SpecializedCollections' (current owner)
We can't assign a new GUID because the asset is in an immutable folder. The asset will be ignored.
GUID [a8604e8f13b3be84b8bc0c1507d8f3f6] for asset 'Packages/com.unity.ugui/Runtime/UGUI/UI/Core/SpecializedCollections/IndexedSet.cs' conflicts with:
  'Assets/ValidationUGUI/Runtime/UGUI/UI/Core/SpecializedCollections/IndexedSet.cs' (current owner)
We can't assign a new GUID because the asset is in an immutable folder. The asset will be ignored.
GUID [25b01819c6e1649428db2a9b274cf364] for asset 'Packages/com.unity.ugui/Runtime/UGUI/UI/Core/SpriteState.cs' conflicts with:
  'Assets/ValidationUGUI/Runtime/UGUI/UI/Core/SpriteState.cs' (current owner)
We can't assign a new GUID because the asset is in an immutable folder. The asset will be ignored.
GUID [69ae55f76840b2849ba56cfb53a17df0] for asset 'Packages/com.unity.ugui/Runtime/UGUI/UI/Core/StencilMaterial.cs' conflicts with:
  'Assets/ValidationUGUI/Runtime/UGUI/UI/Core/StencilMaterial.cs' (current owner)
We can't assign a new GUID because the asset is in an immutable folder. The asset will be ignored.
GUID [5f7201a12d95ffc409449d95f23cf332] for asset 'Packages/com.unity.ugui/Runtime/UGUI/UI/Core/Text.cs' conflicts with:
  'Assets/ValidationUGUI/Runtime/UGUI/UI/Core/Text.cs' (current owner)
We can't assign a new GUID because the asset is in an immutable folder. The asset will be ignored.
GUID [9085046f02f69544eb97fd06b6048fe2] for asset 'Packages/com.unity.ugui/Runtime/UGUI/UI/Core/Toggle.cs' conflicts with:
  'Assets/ValidationUGUI/Runtime/UGUI/UI/Core/Toggle.cs' (current owner)
We can't assign a new GUID because the asset is in an immutable folder. The asset will be ignored.
GUID [2fafe2cfe61f6974895a912c3755e8f1] for asset 'Packages/com.unity.ugui/Runtime/UGUI/UI/Core/ToggleGroup.cs' conflicts with:
  'Assets/ValidationUGUI/Runtime/UGUI/UI/Core/ToggleGroup.cs' (current owner)
We can't assign a new GUID because the asset is in an immutable folder. The asset will be ignored.
GUID [d63dd1a776d383248a21ec2a8a6e7868] for asset 'Packages/com.unity.ugui/Runtime/UGUI/UI/Core/Utility' conflicts with:
  'Assets/ValidationUGUI/Runtime/UGUI/UI/Core/Utility' (current owner)
We can't assign a new GUID because the asset is in an immutable folder. The asset will be ignored.
GUID [fcae021c30eccf74790a4e816ba97c19] for asset 'Packages/com.unity.ugui/Runtime/UGUI/UI/Core/Utility/ReflectionMethodsCache.cs' conflicts with:
  'Assets/ValidationUGUI/Runtime/UGUI/UI/Core/Utility/ReflectionMethodsCache.cs' (current owner)
We can't assign a new GUID because the asset is in an immutable folder. The asset will be ignored.
GUID [c459424081436584c8cec10767f9ac38] for asset 'Packages/com.unity.ugui/Runtime/UGUI/UI/Core/Utility/VertexHelper.cs' conflicts with:
  'Assets/ValidationUGUI/Runtime/UGUI/UI/Core/Utility/VertexHelper.cs' (current owner)
We can't assign a new GUID because the asset is in an immutable folder. The asset will be ignored.
GUID [cfa73a847eeff06448bb50a8ac6a94e0] for asset 'Packages/com.unity.ugui/Runtime/UGUI/UI/Core/VertexModifiers' conflicts with:
  'Assets/ValidationUGUI/Runtime/UGUI/UI/Core/VertexModifiers' (current owner)
We can't assign a new GUID because the asset is in an immutable folder. The asset will be ignored.
GUID [718966f960cb50643986195e5fe953ca] for asset 'Packages/com.unity.ugui/Runtime/UGUI/UI/Core/VertexModifiers/BaseMeshEffect.cs' conflicts with:
  'Assets/ValidationUGUI/Runtime/UGUI/UI/Core/VertexModifiers/BaseMeshEffect.cs' (current owner)
We can't assign a new GUID because the asset is in an immutable folder. The asset will be ignored.
GUID [85f3c3a3c2623cd4da1661b0479e2ef2] for asset 'Packages/com.unity.ugui/Runtime/UGUI/UI/Core/VertexModifiers/IMeshModifier.cs' conflicts with:
  'Assets/ValidationUGUI/Runtime/UGUI/UI/Core/VertexModifiers/IMeshModifier.cs' (current owner)
We can't assign a new GUID because the asset is in an immutable folder. The asset will be ignored.
GUID [e19747de3f5aca642ab2be37e372fb86] for asset 'Packages/com.unity.ugui/Runtime/UGUI/UI/Core/VertexModifiers/Outline.cs' conflicts with:
  'Assets/ValidationUGUI/Runtime/UGUI/UI/Core/VertexModifiers/Outline.cs' (current owner)
We can't assign a new GUID because the asset is in an immutable folder. The asset will be ignored.
GUID [020ee4c1798a3d243a4b8cbfee6cac2d] for asset 'Packages/com.unity.ugui/Runtime/UGUI/UI/Core/VertexModifiers/PositionAsUV1.cs' conflicts with:
  'Assets/ValidationUGUI/Runtime/UGUI/UI/Core/VertexModifiers/PositionAsUV1.cs' (current owner)
We can't assign a new GUID because the asset is in an immutable folder. The asset will be ignored.
GUID [cfabb0440166ab443bba8876756fdfa9] for asset 'Packages/com.unity.ugui/Runtime/UGUI/UI/Core/VertexModifiers/Shadow.cs' conflicts with:
  'Assets/ValidationUGUI/Runtime/UGUI/UI/Core/VertexModifiers/Shadow.cs' (current owner)
We can't assign a new GUID because the asset is in an immutable folder. The asset will be ignored.
GUID [2bafac87e7f4b9b418d9448d219b01ab] for asset 'Packages/com.unity.ugui/Runtime/UGUI/UnityEngine.UI.asmdef' conflicts with:
  'Assets/ValidationUGUI/Runtime/UGUI/UnityEngine.UI.asmdef' (current owner)
We can't assign a new GUID because the asset is in an immutable folder. The asset will be ignored.
[ScriptCompilation] Requested script compilation because: AssetDatabase observed changes in script compilation related files
Starting: C:\Program Files\Unity\Hub\Editor\6000.5.9f1\Editor\Data\Tools\BuildPipeline\bee_backend.exe --ipc --defer-dag-verification --dagfile="Library/Bee/1900b0aE.dag" --continue-on-failure --profile="Library/Bee/backend1.traceevents" ScriptAssemblies
WorkingDir: C:/Users/DreamNight/Documents/01My/personal/TowerDefenseUnity/.reports/validation-project
DisplayProgressbar: Compiling Scripts
ExitCode: 0 Duration: 1s138ms
[219/222    1s] Csc Library/Bee/artifacts/1900b0aE.dag/Assembly-CSharp-Editor.dll (+2 others)
Assets\Editor\BattleUiPlayVerification.cs(37,28): warning CS0618: 'Object.FindFirstObjectByType<T>()' is obsolete: 'FindFirstObjectByType has been deprecated because it relies on instance ID ordering. Use FindAnyObjectByType instead, which does not depend on ordering.'

Assets\Editor\BattleUiPlayVerification.cs(44,22): warning CS0618: 'Object.FindFirstObjectByType<T>()' is obsolete: 'FindFirstObjectByType has been deprecated because it relies on instance ID ordering. Use FindAnyObjectByType instead, which does not depend on ordering.'

Assets\Editor\MenuFlowVerification.cs(53,20): warning CS0618: 'Object.FindFirstObjectByType<T>()' is obsolete: 'FindFirstObjectByType has been deprecated because it relies on instance ID ordering. Use FindAnyObjectByType instead, which does not depend on ordering.'

Assets\Editor\MenuFlowVerification.cs(88,18): warning CS0618: 'Object.FindFirstObjectByType<T>()' is obsolete: 'FindFirstObjectByType has been deprecated because it relies on instance ID ordering. Use FindAnyObjectByType instead, which does not depend on ordering.'
[220/222    0s] CopyFiles Library/ScriptAssemblies/Assembly-CSharp-Editor.pdb
[221/222    0s] CopyFiles Library/ScriptAssemblies/Assembly-CSharp-Editor.dll
*** Tundra build success (1.11 seconds), 3 items updated, 222 evaluated
Assets\Editor\BattleUiPlayVerification.cs(37,28): warning CS0618: 'Object.FindFirstObjectByType<T>()' is obsolete: 'FindFirstObjectByType has been deprecated because it relies on instance ID ordering. Use FindAnyObjectByType instead, which does not depend on ordering.'
Assets\Editor\BattleUiPlayVerification.cs(44,22): warning CS0618: 'Object.FindFirstObjectByType<T>()' is obsolete: 'FindFirstObjectByType has been deprecated because it relies on instance ID ordering. Use FindAnyObjectByType instead, which does not depend on ordering.'
Assets\Editor\MenuFlowVerification.cs(53,20): warning CS0618: 'Object.FindFirstObjectByType<T>()' is obsolete: 'FindFirstObjectByType has been deprecated because it relies on instance ID ordering. Use FindAnyObjectByType instead, which does not depend on ordering.'
Assets\Editor\MenuFlowVerification.cs(88,18): warning CS0618: 'Object.FindFirstObjectByType<T>()' is obsolete: 'FindFirstObjectByType has been deprecated because it relies on instance ID ordering. Use FindAnyObjectByType instead, which does not depend on ordering.'
Total cache size 2011508
Total cache size after purge 2011508, took 00:00:00.0131628
AssetDatabase: script compilation time: 1.435055s
Begin MonoManager ReloadAssembly
Native extension for WindowsStandalone target not found
Native extension for WebGL target not found
ScheduleIndexationOnStartup MainProcess:True IndexOnStartup:True
Mono: successfully reloaded assembly
- Finished resetting the current domain, in  0.296 seconds
Domain Reload Profiling: 604ms
	BeginReloadAssembly (177ms)
		DisableScriptedObjects (44ms)
		CreateAndSetChildDomain (49ms)
	RebuildCommonClasses (7ms)
	RebuildNativeTypeToScriptingClass (11ms)
	initialDomainReloadingComplete (29ms)
	LoadAllAssembliesAndSetupDomain (83ms)
		LoadAssemblies (54ms)
		AnalyzeDomain (13ms)
			TypeCache.Refresh (7ms)
				TypeCache.ScanAssembly (4ms)
			BuildScriptInfoCaches (4ms)
	FinalizeReload (297ms)
		SetupLoadedEditorAssemblies (0ms)
			BeforeProcessingInitializeOnLoad (56ms)
			ProcessInitializeOnLoadAttributes (47ms)
			ProcessInitializeOnLoadMethodAttributes (49ms)
			AfterProcessingInitializeOnLoad (7ms)
		AwakeInstancesAfterBackupRestoration (23ms)
Starting new worker id: 0 with log in C:/Users/DreamNight/Documents/01My/personal/TowerDefenseUnity/.reports/validation-project/Logs/AssetImportWorkerHW0.log

Asset Pipeline Refresh (id=46030ca859756214598bf90357785fda): Total: 2.256 seconds - Initiated by InitialRefreshV2(ForceSynchronousImport)
	(Values over 0.05ms)
	Summary:
		Imports: total=0 (actual=0, local cache=0, cache server=0)
		Asset DB Process Time: managed=0 ms, native=423 ms
		Asset DB Callback time: managed=39 ms, native=15 ms
		Scripting: domain reloads=1, domain reload time=330 ms, compile time=1437 ms, other=10 ms
		Project Asset Count: scripts=184, non-scripts=214
		Asset File Changes: new=0, changed=1, moved=0, deleted=0
		Scan Filter Count: 0
	InvokePackagesCallback: 11.054ms
	ApplyChangesToAssetFolders: 0.383ms
	Scan: 41.409ms
	Collect global state as custom dependencies: 8.091ms
	OnSourceAssetsModified: 0.545ms
	CategorizeScriptCompilationAssets: 0.870ms
	ProcessAssetsWithTransientArtifactChanges: 6.038ms
	CategorizeAssets: 2.474ms
	CompileScripts: 1436.605ms
	ImportOutOfDateAssets: 308.430ms (298.450ms without children)
		UnloadImportedAssets: 0.154ms
		ImportSchedulerStart: 9.787ms
	PostProcessAllAssets: 40.597ms
		VCAutoAddAssetPostprocess 1.202ms
		PostProcessCallbackCreateDeferredMaterials 0.061ms
		MonoPostProcessAllAssets: 38.593ms
			AssetPostprocessor.OnPostprocessAllAssets 12.137ms
			StyleCatalogPostProcessor.OnPostprocessAllAssets 5.864ms
			WindowAssetPostprocessingWatcher.OnPostprocessAllAssets 4.968ms
			BuilderAssetPostprocessor.OnPostprocessAllAssets 3.419ms
			AssetChangedListener.OnPostprocessAllAssets 1.325ms
			SyncVS.PostprocessSyncProject 0.917ms
			RetainedModeAssetPostprocessor.OnPostprocessAllAssets 0.802ms
			EditModeScopePostprocessor.OnPostprocessAllAssets 0.776ms
			SpeedTree9Postprocessor.OnPostprocessAllAssets 0.529ms
			TextAssetPostProcessor.OnPostprocessAllAssets 0.399ms
			ArtifactBrowserPostProcessor.OnPostprocessAllAssets 0.374ms
			TMPro_TexturePostProcessor.OnPostprocessAllAssets 0.187ms
			ReferencedClipsPostProcessor.OnPostprocessAllAssets 0.178ms
			AudioMixerPostprocessor.OnPostprocessAllAssets 0.176ms
			TerrainToolbarOverlayPostProcessor.OnPostprocessAllAssets 0.168ms
			AssetEvents.OnPostprocessAllAssets 0.139ms
			AssetDatabaseCallbacks.OnPostprocessAllAssets 0.107ms
			SpeedTreePostProcessor.OnPostprocessAllAssets 0.103ms
			ConfigAssetsTracker.OnPostprocessAllAssets 0.075ms
			ScenarioDriftAssetsTracker.OnPostprocessAllAssets 0.072ms
			RenderPipelineGlobalSettingsPostprocessor.OnPostprocessAllAssets 0.067ms
			AudioContainerPostProcessor.OnPostprocessAllAssets 0.051ms
	PostAssetChangesProfiler: 4.398ms
	UnloadStreamsBegin: 2.025ms
	GenerateScriptTypeHashes: 0.408ms
	GenerateScriptTypeSerializationHashes: 1.178ms
	Untracked: 385.582ms

Application.AssetDatabase Initial Refresh End
Launched and connected shader compiler UnityShaderCompiler.exe after 0.01 seconds
Scanning for USB devices : 4.995ms
Initializing Unity extensions:
[MODES] ModeService[none].Initialize
[MODES] ModeService[none].LoadModes
[MODES] Loading mode Default (0) for mode-current-id-TowerDefenseUnity
Unloading 3 Unused Serialized files (Serialized files now loaded: 0)
Unloading 466 unused Assets / (0.7 MB). Loaded Objects now: 1275.
Memory consumption went from 212.7 MB to 212.0 MB.
Total: 8.817500 ms (FindLiveObjects: 0.103300 ms CreateObjectMapping: 0.079900 ms MarkObjects: 5.432600 ms  DeleteObjects: 3.199200 ms)

TOUHOU_VERIFY PASS: five music assets and orthogonal routes
UnityEngine.Debug:ExtractStackTraceNoAlloc (byte*,int,string)
UnityEngine.StackTraceUtility:ExtractStackTrace ()
UnityEngine.DebugLogHandler:Internal_Log (UnityEngine.LogType,UnityEngine.LogOption,string,UnityEngine.Object)
UnityEngine.DebugLogHandler:LogFormat (UnityEngine.LogType,UnityEngine.Object,string,object[])
UnityEngine.Logger:Log (UnityEngine.LogType,object)
UnityEngine.Debug:Log (object)
BattleUiVerification:Run () (at Assets/Editor/BattleUiVerification.cs:40)
BattleUiPlayVerification:Run () (at Assets/Editor/BattleUiPlayVerification.cs:23)

(Filename: Assets/Editor/BattleUiVerification.cs Line: 40)

BATTLE_UI_VERIFY PASS: neutral button base; minimum reference canvas preserved
UnityEngine.Debug:ExtractStackTraceNoAlloc (byte*,int,string)
UnityEngine.StackTraceUtility:ExtractStackTrace ()
UnityEngine.DebugLogHandler:Internal_Log (UnityEngine.LogType,UnityEngine.LogOption,string,UnityEngine.Object)
UnityEngine.DebugLogHandler:LogFormat (UnityEngine.LogType,UnityEngine.Object,string,object[])
UnityEngine.Logger:Log (UnityEngine.LogType,object)
UnityEngine.Debug:Log (object)
BattleUiVerification:Run () (at Assets/Editor/BattleUiVerification.cs:41)
BattleUiPlayVerification:Run () (at Assets/Editor/BattleUiPlayVerification.cs:23)

(Filename: Assets/Editor/BattleUiVerification.cs Line: 41)

[Project] Loading completed in 5.473 seconds
	Project init time: 				5.090 seconds
		Template init time: 		0.000 seconds
		Package Manager init time: 		1.430 seconds
		Asset Database init time: 		0.163 seconds
		Global illumination init time: 	0.002 seconds
		Assemblies load time: 			0.724 seconds
		Unity extensions init time: 	0.001 seconds
		Asset Database refresh time: 	2.257 seconds
	Scene opening time: 			0.148 seconds
##utp:{"type":"ProjectInfo","version":2,"phase":"Immediate","time":1789136507864,"processId":30620,"projectLoad":5.4729289,"projectInit":5.0899205,"templateInit":0.0,"packageManagerInit":1.4300394,"assetDatabaseInit":0.162586,"globalIlluminationInit":0.0018456,"assembliesLoad":0.7242316,"unityExtensionsInit":0.0011478,"assetDatabaseRefresh":2.2566849,"sceneOpening":0.1478708}
##utp:{"type":"EditorInfo","version":2,"phase":"Immediate","time":1789136507864,"processId":30620,"editorVersion":"6000.5.9f1 (b57deb96f08d)","branch":"6000.5/staging","buildType":"Release","platform":"Windows"}
Reloading assemblies for play mode.
Reloading assemblies after forced synchronous recompile.
Begin MonoManager ReloadAssembly
Native extension for WindowsStandalone target not found
Native extension for WebGL target not found
ScheduleIndexationOnStartup MainProcess:True IndexOnStartup:True
Mono: successfully reloaded assembly
- Finished resetting the current domain, in  0.353 seconds
Domain Reload Profiling: 616ms
	BeginReloadAssembly (134ms)
		DisableScriptedObjects (23ms)
		CreateAndSetChildDomain (38ms)
	RebuildCommonClasses (7ms)
	RebuildNativeTypeToScriptingClass (12ms)
	initialDomainReloadingComplete (30ms)
	LoadAllAssembliesAndSetupDomain (79ms)
		LoadAssemblies (52ms)
		AnalyzeDomain (5ms)
			TypeCache.Refresh (2ms)
	FinalizeReload (354ms)
		SetupLoadedEditorAssemblies (0ms)
			BeforeProcessingInitializeOnLoad (60ms)
			ProcessInitializeOnLoadAttributes (48ms)
			ProcessInitializeOnLoadMethodAttributes (50ms)
			AfterProcessingInitializeOnLoad (8ms)
		AwakeInstancesAfterBackupRestoration (28ms)

Asset Pipeline Refresh (id=8ca3a387ec0cb31468bdccb328e46d57): Total: 0.735 seconds - Initiated by StopAssetImportingV2(ForceSynchronousImport | ForceDomainReload)
	(Values over 0.05ms)
	Summary:
		Imports: total=0 (actual=0, local cache=0, cache server=0)
		Asset DB Process Time: managed=0 ms, native=394 ms
		Asset DB Callback time: managed=32 ms, native=19 ms
		Scripting: domain reloads=1, domain reload time=286 ms, compile time=2 ms, other=0 ms
		Project Asset Count: scripts=184, non-scripts=214
		Asset File Changes: new=0, changed=0, moved=0, deleted=0
		Scan Filter Count: 0
	InvokePackagesCallback: 1.481ms
	ApplyChangesToAssetFolders: 0.122ms
	Collect global state as custom dependencies: 1.075ms
	ProcessAssetsWithTransientArtifactChanges: 8.279ms
	CategorizeAssets: 2.325ms
	CompileScripts: 1.524ms
	ImportOutOfDateAssets: 356.434ms (355.241ms without children)
		CollectScriptTypesHashes: 0.224ms
		ReloadNativeAssets: 0.198ms
		UnloadImportedAssets: 0.151ms
		ImportSchedulerStart: 0.805ms
	PostProcessAllAssets: 49.045ms
		PostProcessCallbackCreateDeferredMaterials 1.072ms
		ShaderAssetModifiedCallback 0.575ms
		ComputeShaderImportPostprocess 0.189ms
		RaytracingShaderImportPostprocess 0.183ms
		SpeedTreeImporter.PostprocessAllAssets 0.154ms
		LocalizationDatabase.AssetDatabasePostprocessCallback 0.101ms
		BlockShaderImporter.PostprocessAllAssets 0.086ms
		AssemblyValidation.PostprocessAllAssets 0.084ms
		MonoPostProcessAllAssets: 32.123ms
			StyleCatalogPostProcessor.OnPostprocessAllAssets 6.009ms
			AssetPostprocessor.OnPostprocessAllAssets 5.282ms
			WindowAssetPostprocessingWatcher.OnPostprocessAllAssets 5.016ms
			BuilderAssetPostprocessor.OnPostprocessAllAssets 3.512ms
			AssetChangedListener.OnPostprocessAllAssets 1.540ms
			TextAssetPostProcessor.OnPostprocessAllAssets 1.010ms
			SyncVS.PostprocessSyncProject 0.912ms
			RetainedModeAssetPostprocessor.OnPostprocessAllAssets 0.801ms
			SpeedTree9Postprocessor.OnPostprocessAllAssets 0.629ms
			ArtifactBrowserPostProcessor.OnPostprocessAllAssets 0.344ms
			EditModeScopePostprocessor.OnPostprocessAllAssets 0.332ms
			TMPro_TexturePostProcessor.OnPostprocessAllAssets 0.200ms
			ReferencedClipsPostProcessor.OnPostprocessAllAssets 0.192ms
			AudioMixerPostprocessor.OnPostprocessAllAssets 0.177ms
			AssetEvents.OnPostprocessAllAssets 0.158ms
			TerrainToolbarOverlayPostProcessor.OnPostprocessAllAssets 0.131ms
			AssetDatabaseCallbacks.OnPostprocessAllAssets 0.104ms
			SpeedTreePostProcessor.OnPostprocessAllAssets 0.103ms
			ScenarioDriftAssetsTracker.OnPostprocessAllAssets 0.069ms
			ConfigAssetsTracker.OnPostprocessAllAssets 0.069ms
			RenderPipelineGlobalSettingsPostprocessor.OnPostprocessAllAssets 0.064ms
	PostAssetChangesProfiler: 2.570ms
	UnloadStreamsBegin: 0.105ms
	GenerateScriptTypeHashes: 0.812ms
	GenerateScriptTypeSerializationHashes: 1.777ms
	Untracked: 303.572ms

Worker ready: AssetImportWorkerHW0 0
Loaded scene 'Temp/__Backupscenes/0.backup'
	Deserialize:            0.299 ms
	Integration:            1124.930 ms
	Integration of assets:  0.003 ms
	Thread Wait Time:       0.021 ms
	Total Operation Time:   1125.252 ms
[MODES] ModeService[none].Initialize
[MODES] ModeService[none].LoadModes
Start Indexing on Editor startup
ArgumentOutOfRangeException: Index was out of range. Must be non-negative and less than the size of the collection.
Parameter name: index
  at System.Collections.Generic.List`1[T].get_Item (System.Int32 index) [0x00009] in <816f70bc2a9c4332b0bd119906a8d40e>:0 
  at UnityEditor.Search.SearchDatabase+<EnumerateAll>d__76.MoveNext () [0x00089] in <62b4de64a41f441d820235b9258b7895>:0 
  at System.Linq.Enumerable.TryGetFirst[TSource] (System.Collections.Generic.IEnumerable`1[T] source, System.Boolean& found) [0x00045] in <fe644d7ad1cf499ebe4e7ad937bc03bf>:0 
  at System.Linq.Enumerable.First[TSource] (System.Collections.Generic.IEnumerable`1[T] source) [0x00000] in <fe644d7ad1cf499ebe4e7ad937bc03bf>:0 
  at UnityEditor.Search.SearchDatabase.GetDefaultSearchDatabase () [0x00005] in <62b4de64a41f441d820235b9258b7895>:0 
  at UnityEditor.Search.SearchInit.IndexationOnStartup () [0x0000a] in <62b4de64a41f441d820235b9258b7895>:0 
  at UnityEditor.EditorApplication.Internal_CallDelayFunctions () [0x00029] in <f61864b98d514a7796d400c6975fc870>:0 

Created GICache directory at C:/Users/DreamNight/AppData/LocalLow/Unity/Caches/GiCache. Took: 0.017s, timestamps: [7.464 - 7.481]
[Licensing::Client] Successfully resolved entitlement details
TOUHOU_AUDIO_PLAY PASS: looping playback and mute toggle
UnityEngine.Debug:ExtractStackTraceNoAlloc (byte*,int,string)
UnityEngine.StackTraceUtility:ExtractStackTrace ()
UnityEngine.DebugLogHandler:Internal_Log (UnityEngine.LogType,UnityEngine.LogOption,string,UnityEngine.Object)
UnityEngine.DebugLogHandler:LogFormat (UnityEngine.LogType,UnityEngine.Object,string,object[])
UnityEngine.Logger:Log (UnityEngine.LogType,object)
UnityEngine.Debug:Log (object)
BattleUiPlayVerification:Tick () (at Assets/Editor/BattleUiPlayVerification.cs:83)
UnityEditor.EditorApplication:Internal_CallUpdateFunctions ()

(Filename: Assets/Editor/BattleUiPlayVerification.cs Line: 83)

BATTLE_UI_PLAY PASS: bootstrap, pause overlay, restart; screenshots captured
UnityEngine.Debug:ExtractStackTraceNoAlloc (byte*,int,string)
UnityEngine.StackTraceUtility:ExtractStackTrace ()
UnityEngine.DebugLogHandler:Internal_Log (UnityEngine.LogType,UnityEngine.LogOption,string,UnityEngine.Object)
UnityEngine.DebugLogHandler:LogFormat (UnityEngine.LogType,UnityEngine.Object,string,object[])
UnityEngine.Logger:Log (UnityEngine.LogType,object)
UnityEngine.Debug:Log (object)
BattleUiPlayVerification:Tick () (at Assets/Editor/BattleUiPlayVerification.cs:84)
UnityEditor.EditorApplication:Internal_CallUpdateFunctions ()

(Filename: Assets/Editor/BattleUiPlayVerification.cs Line: 84)

MonoPathRemapper: Attempts to remap: 1326; Successful remaps: 0
Serialized file version minimum: 23, current 23
[Physics::Module] Cleanup current backend.
[Physics::Module] Id: 0xf2b8ea05
Input System module state changed to: ShutdownInProgress.
Input Polling Thread exited.
Input System module state changed to: Shutdown.
[Licensing::IpcConnector] LicenseClient-DreamNight-6000.5.9-notifications channel disconnected successfully.
[Licensing::IpcConnector] LicenseClient-DreamNight-6000.5.9 channel disconnected successfully.
Lingering sessions upon destruction of worker manager
AcceleratorClientConnectionCallback - disconnected - :0
Cleanup mono
CodeReloadManager destroyed
Checking for leaked weakptr:
  Found no leaked weakptrs.
[Package Manager] Server process was shutdown
##utp:{"type":"MemoryLeaks","version":2,"phase":"Immediate","time":1789136521374,"processId":30620,"allocatedMemory":11897134,"memoryLabels":[{"Default":185309},{"Permanent":15516},{"NewDelete":66867},{"Thread":4205176},{"Manager":39559},{"VertexData":8},{"Geometry":816},{"Texture":24},{"Shader":841073},{"Material":24},{"GfxDevice":57848},{"Animation":952},{"FreeType":8},{"FontEngine":736},{"Physics":2146},{"Physics2D":16},{"Serialization":1016},{"Input":42840},{"JobScheduler":256},{"TextLib":280},{"Mono":48},{"ScriptingNativeRuntime":674964},{"BaseObject":1651264},{"Resource":1208},{"Renderer":3080},{"Transform":4685},{"File":4013},{"WebCam":616},{"Culling":32},{"Terrain":11442},{"Wind":24},{"STL":40},{"String":26770},{"StaticString":3808},{"Utility":2675958},{"Curl":2594},{"PoolAlloc":2168},{"AI":80},{"TypeTree":17165},{"CodeReload":448},{"RuntimeInitializeOnLoadManager":64},{"Sprites":102},{"SpriteAtlas":120},{"GI":7816},{"Director":8296},{"CloudService":9656},{"WebRequest":552},{"VR":47114},{"SceneManager":608},{"Video":208},{"LazyScriptCache":32},{"Camera":17},{"Secure":2377},{"SerializationCache":1576},{"APIUpdating":10320},{"Subsystems":336},{"VirtualTexturing":57888},{"StaticSafetyDebugInfo":278528},{"Analytics":552},{"Hierarchy":1176},{"UIElements":72},{"CoreStats":13688},{"Identifiers":6768},{"Gui":128},{"EditorUtility":97410},{"VersionControl":8},{"Undo":931},{"AssetDatabase":754329},{"AssetImporter":40},{"EditorGi":328},{"UnityConnect":38929},{"Upm":1912},{"UpmDiagnostics":8},{"AssetCompliance":64},{"DrivenProperties":72},{"LocalIPC":216},{"ProfilerEditor":9746},{"CoreBusinessMetrics":3486},{"Windowing":456},{"Licensing":664},{"AssetReference":32},{"IPCStream":32}]}
